{
    "JH_AnalogInput": {
        ":Tagname": "QC10151LT051",
        "Area": "Sludge_Main",
        "SecurityGroup": "Default",
        "Container": "",
        "ContainedName": "",
        "FriendlyName": "",
        "ShortDesc": "",
        "ExecutionRelativeOrder": "None",
        "ExecutionRelatedObject": "",
        "UDAs": "<UDAInfo></UDAInfo>",
        "Extensions": "<ExtensionInfo><ObjectExtension/><AttributeExtension/></ExtensionInfo>",
        "CmdData": "<CmdData><BooleanLabel></BooleanLabel></CmdData>",
        "debug": "false",
        "InitDone_ABCLX": "false",
        "InitDone_Manual": "false",
        "ManualIOMappingTags": "A_PVHH.Acked,A_PVHH.AlarmMode,A_PVH.Acked,A_PVH.AlarmMode,A_PVL.Acked,A_PVL.AlarmMode,A_PVLL.Acked,A_PVLL.AlarmMode,A_TXF.Acked,A_TXF.AlarmMode,,,,,,,,,,,,,,,,,,,,,,",
        "cfgEUString": "%",
        "cfgOptimalRangeMax": "16383.0",
        "cfgOptimalRangeMin": "3277.0",
        "cfgPrecision": "0",
        "cfgSparkTrendTimeSpan": "20",
        "cfgTypeText": "",
        "UserAttrData": "<AttrXML/>",
        "C_EUMAX": "0.0",
        "C_EUMIN": "0.0",
        "S_PV": "0.0",
        "C_PVH": "0.0",
        "C_PVHH": "0.0",
        "C_PVL": "0.0",
        "C_PVLL": "0.0",
        "A_TXF": "false",
        "A_PVH": "false",
        "A_PVHH": "false",
        "A_PVL": "false",
        "A_PVLL": "false",
        "A_PVH_Acked": "false",
        "A_PVHH_Acked": "false",
        "A_PVL_Acked": "false",
        "A_PVLL_Acked": "false",
        "A_TXF_Acked": "false",
        "A_PVH_AlarmMode": "0",
        "A_PVL_AlarmMode": "0",
        "A_PVLL_AlarmMode": "0",
        "A_TXF_AlarmMode": "0",
        "A_PVHH_AlarmMode": "0",
        "C_PV": "0.0",
        "A_STUCK": "false",
        "A_STUCK_Acked": "false",
        "A_STUCK_AlarmMode": "0",
        "script.IOSetRef_ABCLX.AliasReferences": "No Data",
        "script.IOSetRef_ABCLX.Aliases": "No Data",
        "script.IOSetRef_ABCLX.DeclarationsText": "",
        "script.OnScan.AliasReferences": "No Data",
        "script.OnScan.Aliases": "No Data",
        "script.OnScan.TriggerType": "WhileTrue",
        "script.OnScan.Expression": "",
        "script.OnScan.DataChangeDeadband": "0.0",
        "script.OnScan.DeclarationsText": "",
        "script.OnScan.ExecutionError.Alarmed": "false",
        "script.OnScan.TriggerPeriod": "0000 00:00:00.0000000",
        "script.OnScan.RunsAsync": "false",
        "script.OnScan.State.Historized": "false",
        "script.OnScan.ExecuteTimeout.Limit": "0",
        "script.OnScan.TriggerOnQualityChange": "false",
        "script.GenericSetup.AliasReferences": "No Data",
        "script.GenericSetup.Aliases": "No Data",
        "script.GenericSetup.DeclarationsText": "",
        "C_EUMAX.EngUnits": "",
        "C_EUMAX.LevelAlarmed": "false",
        "C_EUMAX.ROCAlarmed": "false",
        "C_EUMAX.DeviationAlarmed": "false",
        "C_EUMAX.Bad.Alarmed": "false",
        "C_EUMAX.LogDataChangeEvent": "false",
        "C_EUMAX.HasStatistics": "false",
        "C_EUMAX.Scaled": "false",
        "C_EUMAX.Historized": "false",
        "C_EUMAX.Output.DiffAddr": "false",
        "C_EUMAX.Deadband": "0.0",
        "C_EUMAX.Desc": "Maximum Eng Units",
        "C_EUMAX.Input.DataType": "MxDouble",
        "C_EUMAX.Input.InputSource": "---",
        "C_EUMAX.Output.DataType": "MxDouble",
        "C_EUMAX.Output.OutputDest": "---",
        "C_EUMIN.EngUnits": "",
        "C_EUMIN.LevelAlarmed": "false",
        "C_EUMIN.ROCAlarmed": "false",
        "C_EUMIN.DeviationAlarmed": "false",
        "C_EUMIN.Bad.Alarmed": "false",
        "C_EUMIN.LogDataChangeEvent": "false",
        "C_EUMIN.HasStatistics": "false",
        "C_EUMIN.Scaled": "false",
        "C_EUMIN.Historized": "false",
        "C_EUMIN.Output.DiffAddr": "false",
        "C_EUMIN.Deadband": "0.0",
        "C_EUMIN.Desc": "Minimum Eng Units",
        "C_EUMIN.Input.DataType": "MxDouble",
        "C_EUMIN.Input.InputSource": "---",
        "C_EUMIN.Output.DataType": "MxDouble",
        "C_EUMIN.Output.OutputDest": "---",
        "S_PV.EngUnits": "",
        "S_PV.LevelAlarmed": "false",
        "S_PV.ROCAlarmed": "false",
        "S_PV.DeviationAlarmed": "false",
        "S_PV.Bad.Alarmed": "false",
        "S_PV.LogDataChangeEvent": "false",
        "S_PV.HasStatistics": "false",
        "S_PV.Scaled": "false",
        "S_PV.Output.DiffAddr": "false",
        "S_PV.Deadband": "0.0",
        "S_PV.Desc": "Process Variable",
        "S_PV.Input.DataType": "MxFloat",
        "S_PV.Input.InputSource": "---",
        "S_PV.Output.DataType": "MxFloat",
        "S_PV.Output.OutputDest": "---",
        "C_PVH.EngUnits": "",
        "C_PVH.LevelAlarmed": "false",
        "C_PVH.ROCAlarmed": "false",
        "C_PVH.DeviationAlarmed": "false",
        "C_PVH.Bad.Alarmed": "false",
        "C_PVH.LogDataChangeEvent": "false",
        "C_PVH.HasStatistics": "false",
        "C_PVH.Scaled": "false",
        "C_PVH.Historized": "false",
        "C_PVH.Output.DiffAddr": "false",
        "C_PVH.Deadband": "0.0",
        "C_PVH.Desc": "Hi Alarm Limit",
        "C_PVH.Input.DataType": "MxDouble",
        "C_PVH.Input.InputSource": "---",
        "C_PVH.Output.DataType": "MxDouble",
        "C_PVH.Output.OutputDest": "---",
        "C_PVHH.EngUnits": "",
        "C_PVHH.LevelAlarmed": "false",
        "C_PVHH.ROCAlarmed": "false",
        "C_PVHH.DeviationAlarmed": "false",
        "C_PVHH.Bad.Alarmed": "false",
        "C_PVHH.LogDataChangeEvent": "false",
        "C_PVHH.HasStatistics": "false",
        "C_PVHH.Scaled": "false",
        "C_PVHH.Historized": "false",
        "C_PVHH.Output.DiffAddr": "false",
        "C_PVHH.Deadband": "0.0",
        "C_PVHH.Desc": "Hi Hi Alarm Limit",
        "C_PVHH.Input.DataType": "MxDouble",
        "C_PVHH.Input.InputSource": "---",
        "C_PVHH.Output.DataType": "MxDouble",
        "C_PVHH.Output.OutputDest": "---",
        "C_PVL.EngUnits": "",
        "C_PVL.LevelAlarmed": "false",
        "C_PVL.ROCAlarmed": "false",
        "C_PVL.DeviationAlarmed": "false",
        "C_PVL.Bad.Alarmed": "false",
        "C_PVL.LogDataChangeEvent": "false",
        "C_PVL.HasStatistics": "false",
        "C_PVL.Scaled": "false",
        "C_PVL.Historized": "false",
        "C_PVL.Output.DiffAddr": "false",
        "C_PVL.Deadband": "0.0",
        "C_PVL.Desc": "Lo Alarm Limit",
        "C_PVL.Input.DataType": "MxDouble",
        "C_PVL.Input.InputSource": "---",
        "C_PVL.Output.DataType": "MxDouble",
        "C_PVL.Output.OutputDest": "---",
        "C_PVLL.EngUnits": "",
        "C_PVLL.LevelAlarmed": "false",
        "C_PVLL.ROCAlarmed": "false",
        "C_PVLL.DeviationAlarmed": "false",
        "C_PVLL.Bad.Alarmed": "false",
        "C_PVLL.LogDataChangeEvent": "false",
        "C_PVLL.HasStatistics": "false",
        "C_PVLL.Scaled": "false",
        "C_PVLL.Historized": "false",
        "C_PVLL.Output.DiffAddr": "false",
        "C_PVLL.Deadband": "0.0",
        "C_PVLL.Desc": "Lo Lo Alarm Limit",
        "C_PVLL.Input.DataType": "MxDouble",
        "C_PVLL.Input.InputSource": "---",
        "C_PVLL.Output.DataType": "MxDouble",
        "C_PVLL.Output.OutputDest": "---",
        "A_TXF.HasStatistics": "false",
        "A_TXF.Historized": "false",
        "A_TXF.LogDataChangeEvent": "false",
        "A_TXF.UseOffOnMsg": "false",
        "A_TXF.OnMsg": "True",
        "A_TXF.OffMsg": "False",
        "A_TXF.InvertValue": "false",
        "A_TXF.Bad.Alarmed": "false",
        "A_TXF.Output.DiffAddr": "false",
        "A_TXF.Desc": "Alarm Transmitter Fault",
        "A_TXF.Input.DataType": "MxBoolean",
        "A_TXF.Input.InputSource": "---",
        "A_TXF.Output.DataType": "MxBoolean",
        "A_TXF.Output.OutputDest": "---",
        "A_PVH.HasStatistics": "false",
        "A_PVH.Historized": "false",
        "A_PVH.LogDataChangeEvent": "false",
        "A_PVH.UseOffOnMsg": "false",
        "A_PVH.OnMsg": "True",
        "A_PVH.OffMsg": "False",
        "A_PVH.InvertValue": "false",
        "A_PVH.Bad.Alarmed": "false",
        "A_PVH.Output.DiffAddr": "false",
        "A_PVH.Desc": "Hi Status Alarm",
        "A_PVH.Input.DataType": "MxBoolean",
        "A_PVH.Input.InputSource": "---",
        "A_PVHH.HasStatistics": "false",
        "A_PVHH.Historized": "false",
        "A_PVHH.LogDataChangeEvent": "false",
        "A_PVHH.UseOffOnMsg": "false",
        "A_PVHH.OnMsg": "True",
        "A_PVHH.OffMsg": "False",
        "A_PVHH.InvertValue": "false",
        "A_PVHH.Bad.Alarmed": "false",
        "A_PVHH.Output.DiffAddr": "false",
        "A_PVHH.Desc": "Hi Hi Status Alarm",
        "A_PVHH.Input.DataType": "MxBoolean",
        "A_PVHH.Input.InputSource": "---",
        "A_PVL.HasStatistics": "false",
        "A_PVL.Historized": "false",
        "A_PVL.LogDataChangeEvent": "false",
        "A_PVL.UseOffOnMsg": "false",
        "A_PVL.OnMsg": "True",
        "A_PVL.OffMsg": "False",
        "A_PVL.InvertValue": "false",
        "A_PVL.Bad.Alarmed": "false",
        "A_PVL.Output.DiffAddr": "false",
        "A_PVL.Desc": "Lo Status Alarm",
        "A_PVL.Input.DataType": "MxBoolean",
        "A_PVL.Input.InputSource": "---",
        "A_PVLL.HasStatistics": "false",
        "A_PVLL.Historized": "false",
        "A_PVLL.LogDataChangeEvent": "false",
        "A_PVLL.UseOffOnMsg": "false",
        "A_PVLL.OnMsg": "True",
        "A_PVLL.OffMsg": "False",
        "A_PVLL.InvertValue": "false",
        "A_PVLL.Bad.Alarmed": "false",
        "A_PVLL.Output.DiffAddr": "false",
        "A_PVLL.Desc": "Lo Lo Status Alarm",
        "A_PVLL.Input.DataType": "MxBoolean",
        "A_PVLL.Input.InputSource": "---",
        "A_PVH_Acked.Alarmed": "false",
        "A_PVH_Acked.HasStatistics": "false",
        "A_PVH_Acked.Historized": "false",
        "A_PVH_Acked.LogDataChangeEvent": "false",
        "A_PVH_Acked.UseOffOnMsg": "false",
        "A_PVH_Acked.OnMsg": "True",
        "A_PVH_Acked.OffMsg": "False",
        "A_PVH_Acked.InvertValue": "false",
        "A_PVH_Acked.Bad.Alarmed": "false",
        "A_PVH_Acked.Output.DiffAddr": "false",
        "A_PVH_Acked.Desc": "Hi Status Alarm",
        "A_PVH_Acked.Input.DataType": "MxBoolean",
        "A_PVH_Acked.Input.InputSource": "---",
        "A_PVH_Acked.Output.DataType": "MxBoolean",
        "A_PVH_Acked.Output.OutputDest": "---",
        "A_PVHH_Acked.Alarmed": "false",
        "A_PVHH_Acked.HasStatistics": "false",
        "A_PVHH_Acked.Historized": "false",
        "A_PVHH_Acked.LogDataChangeEvent": "false",
        "A_PVHH_Acked.UseOffOnMsg": "false",
        "A_PVHH_Acked.OnMsg": "True",
        "A_PVHH_Acked.OffMsg": "False",
        "A_PVHH_Acked.InvertValue": "false",
        "A_PVHH_Acked.Bad.Alarmed": "false",
        "A_PVHH_Acked.Output.DiffAddr": "false",
        "A_PVHH_Acked.Desc": "Hi Hi Status Alarm",
        "A_PVHH_Acked.Input.DataType": "MxBoolean",
        "A_PVHH_Acked.Input.InputSource": "---",
        "A_PVHH_Acked.Output.DataType": "MxBoolean",
        "A_PVHH_Acked.Output.OutputDest": "---",
        "A_PVL_Acked.Alarmed": "false",
        "A_PVL_Acked.HasStatistics": "false",
        "A_PVL_Acked.Historized": "false",
        "A_PVL_Acked.LogDataChangeEvent": "false",
        "A_PVL_Acked.UseOffOnMsg": "false",
        "A_PVL_Acked.OnMsg": "True",
        "A_PVL_Acked.OffMsg": "False",
        "A_PVL_Acked.InvertValue": "false",
        "A_PVL_Acked.Bad.Alarmed": "false",
        "A_PVL_Acked.Output.DiffAddr": "false",
        "A_PVL_Acked.Desc": "Lo Status Alarm",
        "A_PVL_Acked.Input.DataType": "MxBoolean",
        "A_PVL_Acked.Input.InputSource": "---",
        "A_PVL_Acked.Output.DataType": "MxBoolean",
        "A_PVL_Acked.Output.OutputDest": "---",
        "A_PVLL_Acked.Alarmed": "false",
        "A_PVLL_Acked.HasStatistics": "false",
        "A_PVLL_Acked.Historized": "false",
        "A_PVLL_Acked.LogDataChangeEvent": "false",
        "A_PVLL_Acked.UseOffOnMsg": "false",
        "A_PVLL_Acked.OnMsg": "True",
        "A_PVLL_Acked.OffMsg": "False",
        "A_PVLL_Acked.InvertValue": "false",
        "A_PVLL_Acked.Bad.Alarmed": "false",
        "A_PVLL_Acked.Output.DiffAddr": "false",
        "A_PVLL_Acked.Desc": "Lo Lo Status Alarm",
        "A_PVLL_Acked.Input.DataType": "MxBoolean",
        "A_PVLL_Acked.Input.InputSource": "---",
        "A_PVLL_Acked.Output.DataType": "MxBoolean",
        "A_PVLL_Acked.Output.OutputDest": "---",
        "A_TXF_Acked.Alarmed": "false",
        "A_TXF_Acked.HasStatistics": "false",
        "A_TXF_Acked.Historized": "false",
        "A_TXF_Acked.LogDataChangeEvent": "false",
        "A_TXF_Acked.UseOffOnMsg": "false",
        "A_TXF_Acked.OnMsg": "True",
        "A_TXF_Acked.OffMsg": "False",
        "A_TXF_Acked.InvertValue": "false",
        "A_TXF_Acked.Bad.Alarmed": "false",
        "A_TXF_Acked.Output.DiffAddr": "false",
        "A_TXF_Acked.Desc": "Alarm Transmitter Fault",
        "A_TXF_Acked.Input.DataType": "MxBoolean",
        "A_TXF_Acked.Input.InputSource": "---",
        "A_TXF_Acked.Output.DataType": "MxBoolean",
        "A_TXF_Acked.Output.OutputDest": "---",
        "A_PVH_AlarmMode.EngUnits": "",
        "A_PVH_AlarmMode.LevelAlarmed": "false",
        "A_PVH_AlarmMode.ROCAlarmed": "false",
        "A_PVH_AlarmMode.DeviationAlarmed": "false",
        "A_PVH_AlarmMode.Bad.Alarmed": "false",
        "A_PVH_AlarmMode.LogDataChangeEvent": "false",
        "A_PVH_AlarmMode.HasStatistics": "false",
        "A_PVH_AlarmMode.Scaled": "false",
        "A_PVH_AlarmMode.Historized": "false",
        "A_PVH_AlarmMode.Output.DiffAddr": "false",
        "A_PVH_AlarmMode.Deadband": "0.0",
        "A_PVH_AlarmMode.Desc": "Hi Status Alarm",
        "A_PVH_AlarmMode.Input.DataType": "MxInteger",
        "A_PVH_AlarmMode.Input.InputSource": "---",
        "A_PVH_AlarmMode.Output.DataType": "MxInteger",
        "A_PVH_AlarmMode.Output.OutputDest": "---",
        "A_PVL_AlarmMode.EngUnits": "",
        "A_PVL_AlarmMode.LevelAlarmed": "false",
        "A_PVL_AlarmMode.ROCAlarmed": "false",
        "A_PVL_AlarmMode.DeviationAlarmed": "false",
        "A_PVL_AlarmMode.Bad.Alarmed": "false",
        "A_PVL_AlarmMode.LogDataChangeEvent": "false",
        "A_PVL_AlarmMode.HasStatistics": "false",
        "A_PVL_AlarmMode.Scaled": "false",
        "A_PVL_AlarmMode.Historized": "false",
        "A_PVL_AlarmMode.Output.DiffAddr": "false",
        "A_PVL_AlarmMode.Deadband": "0.0",
        "A_PVL_AlarmMode.Desc": "Lo Status Alarm",
        "A_PVL_AlarmMode.Input.DataType": "MxInteger",
        "A_PVL_AlarmMode.Input.InputSource": "---",
        "A_PVL_AlarmMode.Output.DataType": "MxInteger",
        "A_PVL_AlarmMode.Output.OutputDest": "---",
        "A_PVLL_AlarmMode.EngUnits": "",
        "A_PVLL_AlarmMode.LevelAlarmed": "false",
        "A_PVLL_AlarmMode.ROCAlarmed": "false",
        "A_PVLL_AlarmMode.DeviationAlarmed": "false",
        "A_PVLL_AlarmMode.Bad.Alarmed": "false",
        "A_PVLL_AlarmMode.LogDataChangeEvent": "false",
        "A_PVLL_AlarmMode.HasStatistics": "false",
        "A_PVLL_AlarmMode.Scaled": "false",
        "A_PVLL_AlarmMode.Historized": "false",
        "A_PVLL_AlarmMode.Output.DiffAddr": "false",
        "A_PVLL_AlarmMode.Deadband": "0.0",
        "A_PVLL_AlarmMode.Desc": "Lo Lo Status Alarm",
        "A_PVLL_AlarmMode.Input.DataType": "MxInteger",
        "A_PVLL_AlarmMode.Input.InputSource": "---",
        "A_PVLL_AlarmMode.Output.DataType": "MxInteger",
        "A_PVLL_AlarmMode.Output.OutputDest": "---",
        "A_TXF_AlarmMode.EngUnits": "",
        "A_TXF_AlarmMode.LevelAlarmed": "false",
        "A_TXF_AlarmMode.ROCAlarmed": "false",
        "A_TXF_AlarmMode.DeviationAlarmed": "false",
        "A_TXF_AlarmMode.Bad.Alarmed": "false",
        "A_TXF_AlarmMode.LogDataChangeEvent": "false",
        "A_TXF_AlarmMode.HasStatistics": "false",
        "A_TXF_AlarmMode.Scaled": "false",
        "A_TXF_AlarmMode.Historized": "false",
        "A_TXF_AlarmMode.Output.DiffAddr": "false",
        "A_TXF_AlarmMode.Deadband": "0.0",
        "A_TXF_AlarmMode.Desc": "Alarm Transmitter Fault",
        "A_TXF_AlarmMode.Input.DataType": "MxInteger",
        "A_TXF_AlarmMode.Input.InputSource": "---",
        "A_TXF_AlarmMode.Output.DataType": "MxInteger",
        "A_TXF_AlarmMode.Output.OutputDest": "---",
        "A_PVHH_AlarmMode.EngUnits": "",
        "A_PVHH_AlarmMode.LevelAlarmed": "false",
        "A_PVHH_AlarmMode.ROCAlarmed": "false",
        "A_PVHH_AlarmMode.DeviationAlarmed": "false",
        "A_PVHH_AlarmMode.Bad.Alarmed": "false",
        "A_PVHH_AlarmMode.LogDataChangeEvent": "false",
        "A_PVHH_AlarmMode.HasStatistics": "false",
        "A_PVHH_AlarmMode.Scaled": "false",
        "A_PVHH_AlarmMode.Historized": "false",
        "A_PVHH_AlarmMode.Output.DiffAddr": "false",
        "A_PVHH_AlarmMode.Deadband": "0.0",
        "A_PVHH_AlarmMode.Desc": "Hi Hi Status Alarm",
        "A_PVHH_AlarmMode.Input.DataType": "MxInteger",
        "A_PVHH_AlarmMode.Input.InputSource": "---",
        "A_PVHH_AlarmMode.Output.DataType": "MxInteger",
        "A_PVHH_AlarmMode.Output.OutputDest": "---",
        "C_PV.EngUnits": "",
        "C_PV.LevelAlarmed": "false",
        "C_PV.ROCAlarmed": "false",
        "C_PV.DeviationAlarmed": "false",
        "C_PV.Bad.Alarmed": "false",
        "C_PV.LogDataChangeEvent": "false",
        "C_PV.HasStatistics": "false",
        "C_PV.Scaled": "false",
        "C_PV.Historized": "false",
        "C_PV.Output.DiffAddr": "false",
        "C_PV.Deadband": "0.0",
        "C_PV.Desc": "",
        "C_PV.Input.DataType": "MxFloat",
        "C_PV.Input.InputSource": "---",
        "C_PV.Output.DataType": "MxFloat",
        "C_PV.Output.OutputDest": "---",
        "A_STUCK.HasStatistics": "false",
        "A_STUCK.Historized": "false",
        "A_STUCK.LogDataChangeEvent": "false",
        "A_STUCK.UseOffOnMsg": "false",
        "A_STUCK.OnMsg": "True",
        "A_STUCK.OffMsg": "False",
        "A_STUCK.InvertValue": "false",
        "A_STUCK.Bad.Alarmed": "false",
        "A_STUCK.Output.DiffAddr": "false",
        "A_STUCK.Desc": "",
        "A_STUCK.Input.DataType": "MxBoolean",
        "A_STUCK.Input.InputSource": "---",
        "A_STUCK_Acked.Alarmed": "false",
        "A_STUCK_Acked.HasStatistics": "false",
        "A_STUCK_Acked.Historized": "false",
        "A_STUCK_Acked.LogDataChangeEvent": "false",
        "A_STUCK_Acked.UseOffOnMsg": "false",
        "A_STUCK_Acked.OnMsg": "True",
        "A_STUCK_Acked.OffMsg": "False",
        "A_STUCK_Acked.InvertValue": "false",
        "A_STUCK_Acked.Bad.Alarmed": "false",
        "A_STUCK_Acked.Output.DiffAddr": "false",
        "A_STUCK_Acked.Desc": "",
        "A_STUCK_Acked.Input.DataType": "MxBoolean",
        "A_STUCK_Acked.Input.InputSource": "---",
        "A_STUCK_Acked.Output.DataType": "MxBoolean",
        "A_STUCK_Acked.Output.OutputDest": "---",
        "A_STUCK_AlarmMode.EngUnits": "",
        "A_STUCK_AlarmMode.LevelAlarmed": "false",
        "A_STUCK_AlarmMode.ROCAlarmed": "false",
        "A_STUCK_AlarmMode.DeviationAlarmed": "false",
        "A_STUCK_AlarmMode.Bad.Alarmed": "false",
        "A_STUCK_AlarmMode.LogDataChangeEvent": "false",
        "A_STUCK_AlarmMode.HasStatistics": "false",
        "A_STUCK_AlarmMode.Scaled": "false",
        "A_STUCK_AlarmMode.Historized": "false",
        "A_STUCK_AlarmMode.Output.DiffAddr": "false",
        "A_STUCK_AlarmMode.Deadband": "0.0",
        "A_STUCK_AlarmMode.Desc": "",
        "A_STUCK_AlarmMode.Input.DataType": "MxInteger",
        "A_STUCK_AlarmMode.Input.InputSource": "---",
        "A_STUCK_AlarmMode.Output.DataType": "MxInteger",
        "A_STUCK_AlarmMode.Output.OutputDest": "---",
        "S_PV.ValueDeadBand": "0.0",
        "S_PV.ForceStoragePeriod": "0",
        "S_PV.TrendHi": "100.0",
        "S_PV.TrendLo": "0.0",
        "S_PV.Description": "",
        "S_PV.InterpolationType": "SystemDefault",
        "S_PV.RolloverValue": "0.0",
        "S_PV.SampleCount": "0",
        "S_PV.EnableSwingingDoor": "false",
        "S_PV.RateDeadBand": "0.0",
        "A_TXF.ActiveAlarmState": "true",
        "A_TXF.BooleanAlarm.TimeDeadband": "0000 00:00:00.0000000",
        "A_TXF.Priority": "340",
        "A_TXF.Category": "Discrete",
        "A_TXF.DescAttrName": "me.A_TXF.Desc",
        "A_TXF.AlarmShelveCmd": "Duration=0; Reason=\"\";",
        "A_PVH.ActiveAlarmState": "true",
        "A_PVH.BooleanAlarm.TimeDeadband": "0000 00:00:00.0000000",
        "A_PVH.Priority": "340",
        "A_PVH.DescAttrName": "me.A_PVH.Desc",
        "A_PVH.AlarmShelveCmd": "Duration=0; Reason=\"\";",
        "A_PVHH.ActiveAlarmState": "true",
        "A_PVHH.BooleanAlarm.TimeDeadband": "0000 00:00:00.0000000",
        "A_PVHH.Priority": "340",
        "A_PVHH.DescAttrName": "me.A_PVHH.Desc",
        "A_PVHH.AlarmShelveCmd": "Duration=0; Reason=\"\";",
        "A_PVL.ActiveAlarmState": "true",
        "A_PVL.BooleanAlarm.TimeDeadband": "0000 00:00:00.0000000",
        "A_PVL.Priority": "340",
        "A_PVL.DescAttrName": "me.A_PVL.Desc",
        "A_PVL.AlarmShelveCmd": "Duration=0; Reason=\"\";",
        "A_PVLL.ActiveAlarmState": "true",
        "A_PVLL.BooleanAlarm.TimeDeadband": "0000 00:00:00.0000000",
        "A_PVLL.Priority": "340",
        "A_PVLL.DescAttrName": "me.A_PVLL.Desc",
        "A_PVLL.AlarmShelveCmd": "Duration=0; Reason=\"\";",
        "A_STUCK.ActiveAlarmState": "true",
        "A_STUCK.BooleanAlarm.TimeDeadband": "0000 00:00:00.0000000",
        "A_STUCK.Priority": "500",
        "A_STUCK.Category": "Discrete",
        "A_STUCK.DescAttrName": "me.A_STUCK.Desc",
        "A_STUCK.AlarmShelveCmd": "Duration=0; Reason=\"\";",
        "A_TXF.Acked.OutputDest": "---",
        "A_TXF.Acked.InvertValue": "false",
        "A_TXF.AlarmMode.OutputDest": "---",
        "A_PVH.Acked.OutputDest": "---",
        "A_PVH.Acked.InvertValue": "false",
        "A_PVHH.Acked.OutputDest": "---",
        "A_PVHH.Acked.InvertValue": "false",
        "A_PVHH.AlarmMode.OutputDest": "---",
        "A_PVH.AlarmMode.OutputDest": "---",
        "A_PVL.Acked.OutputDest": "---",
        "A_PVL.Acked.InvertValue": "false",
        "A_PVL.AlarmMode.OutputDest": "---",
        "A_PVLL.Acked.OutputDest": "---",
        "A_PVLL.Acked.InvertValue": "false",
        "A_PVLL.AlarmMode.OutputDest": "---",
        "A_STUCK.AlarmMode.OutputDest": "---",
        "A_STUCK.AlarmMode.OutputEveryScan": "false",
        "A_STUCK.Acked.OutputDest": "---",
        "A_STUCK.Acked.OutputEveryScan": "false",
        "A_STUCK.Acked.InvertValue": "false"
    }
}