{
    "JH_Boolean_InputOutput_WE": {
        ":Tagname": "Sludge_Tank_3_Full",
        "Area": "Sludge_Main",
        "SecurityGroup": "Default",
        "Container": "",
        "ContainedName": "",
        "FriendlyName": "",
        "ShortDesc": "JH Boolean Template",
        "ExecutionRelativeOrder": "None",
        "ExecutionRelatedObject": "",
        "UDAs": "UDAInfo<></UDAInfo>",
        "Extensions": "<ExtensionInfo><ObjectExtension/><AttributeExtension/></ExtensionInfo>",
        "CmdData": "<CmdData><BooleanLabel></BooleanLabel></CmdData>",
        "ActualTagName": "",
        "RefDone": "false",
        "PV": "false",
        "PV.Historized": "false",
        "AccessMode": "ReadWrite",
        "DiffOutputDest": "false",
        "PV.EngUnits": "",
        "PV.LogDataChangeEvent": "false",
        "PV.Output.DataType": "MxBoolean",
        "PV.Output.OutputDest": "---",
        "PV.Input.DataType": "MxBoolean",
        "PV.Input.InputSource": "---",
        "script.IOSetRef.AliasReferences": "No Data",
        "script.IOSetRef.Aliases": "No Data",
        "script.IOSetRef.TriggerType": "WhileTrue",
        "script.IOSetRef.Expression": "Me.RefDone == FALSE",
        "script.IOSetRef.DataChangeDeadband": "0.0",
        "script.IOSetRef.DeclarationsText": "",
        "script.IOSetRef.ExecutionError.Alarmed": "false",
        "script.IOSetRef.TriggerPeriod": "0000 00:00:00.0000000",
        "script.IOSetRef.RunsAsync": "false",
        "script.IOSetRef.State.Historized": "false",
        "script.IOSetRef.ExecuteTimeout.Limit": "0",
        "script.IOSetRef.TriggerOnQualityChange": "false",
        "script.SetRef.ExecuteText": "",
        "script.SetRef.AliasReferences": "No Data",
        "script.SetRef.Aliases": "No Data",
        "script.SetRef.TriggerType": "WhileTrue",
        "script.SetRef.Expression": "",
        "script.SetRef.DataChangeDeadband": "0.0",
        "script.SetRef.DeclarationsText": "",
        "script.SetRef.StartupText": "",
        "script.SetRef.ShutdownText": "",
        "script.SetRef.OnScanText": "Me.RefDone = False;",
        "script.SetRef.OffScanText": "",
        "script.SetRef.ExecutionError.Alarmed": "false",
        "script.SetRef.TriggerPeriod": "0000 00:00:00.0000000",
        "script.SetRef.RunsAsync": "false",
        "script.SetRef.State.Historized": "false",
        "script.SetRef.ExecuteTimeout.Limit": "0",
        "script.SetRef.TriggerOnQualityChange": "false"
    }
}