{
    "JH_Motor_VSD": {
        ":Tagname": "QC10151MOT040",
        "Area": "Sludge_Roller_Screen_1",
        "SecurityGroup": "Default",
        "Container": "",
        "ContainedName": "",
        "FriendlyName": "",
        "ShortDesc": "Sludge Thickener Pump.",
        "ExecutionRelativeOrder": "None",
        "ExecutionRelatedObject": "",
        "UDAs": "<UDAInfo></UDAInfo>",
        "Extensions": "<ExtensionInfo><ObjectExtension/><AttributeExtension/></ExtensionInfo>",
        "CmdData": "<CmdData><BooleanLabel></BooleanLabel></CmdData>",
        "debug": "false",
        "InitDone_ABCLX": "false",
        "InitDone_Manual": "false",
        "ManualIOMappingTags": "A_FTSTART.Acked,A_FSSTART.AlarmMode,A_ISO.Acked,A_ISO.AlarmMode,A_MCBOPND.Acked,A_MCBOPND.AlarmMode,A_VSD.Acked,A_VSD.AlarmMode,A_SFTY.Acked,A_SFTY.AlarmMode,A_FTSTOP.Acked,A_FTSTOP.AlarmMode,A_MCBTRIP.Acked,A_MCBTRIP.AlarmMode,,,,,,,,,,,,,,,,,,",
        "S_IOK_MSG9": "",
        "S_IOK_MSG8": "",
        "S_IOK_MSG7": "",
        "S_IOK_MSG6": "",
        "S_IOK_MSG5": "",
        "S_IOK_MSG3": "",
        "S_IOK_MSG2": "",
        "S_IOK_MSG10": "",
        "S_IOK_MSG1": "Sludge Thickener 1 Feed Valve (QC10151VLV407) Open",
        "minAccessLevelMaint": "SecLvlMaint",
        "minAccessLevel": "SecLvlOper",
        "DriveSEWObjectName": "",
        "DriveDanfossObjectName": "",
        "cfgPrecision": "1",
        "cfgEUString": "%",
        "S_IOK_MSG4": "",
        "UserAttrData": "<AttrXML/>",
        "A_MCBTRIP_AlarmMode": "0",
        "A_SFTY_Acked": "false",
        "A_SFTY": "false",
        "S_IOK_MET5": "false",
        "S_IOK_FWD": "false",
        "C_SPL": "0.0",
        "S_SPH": "0.0",
        "S_ASP_ENB": "false",
        "C_ASP": "0.0",
        "S_FLT": "false",
        "S_AUT": "false",
        "C_STP": "false",
        "A_ISO": "false",
        "S_IOK_MET4": "false",
        "C_MNT": "false",
        "C_STT": "false",
        "S_SPL": "0.0",
        "A_MCBOPND_AlarmMode": "0",
        "A_MCBTRIP": "false",
        "A_SFTY_AlarmMode": "0",
        "C_SPH": "0.0",
        "C_AUT": "false",
        "C_MAN": "false",
        "S_IOK_MET2": "false",
        "S_IOK_MET1": "false",
        "A_ISO_AlarmMode": "0",
        "A_ISO_Acked": "false",
        "S_PV": "0.0",
        "S_SP": "0.0",
        "C_MSP": "0.0",
        "S_STS": "false",
        "A_FTSTART_AlarmMode": "0",
        "A_FTSTOP_AlarmMode": "0",
        "A_FTSTOP": "false",
        "A_COMMS": "false",
        "S_IOK_MET6": "false",
        "S_IOK_MET7": "false",
        "A_COMMS_Acked": "false",
        "C_RESET": "false",
        "A_COMMS_AlarmMode": "0",
        "A_FTSTART": "false",
        "A_FTSTART_Acked": "false",
        "A_FTSTOP_Acked": "false",
        "A_MCBTRIP_Acked": "false",
        "A_MCBOPND_Acked": "false",
        "A_VSD_Acked": "false",
        "A_VSD_AlarmMode": "0",
        "A_MCBOPND": "false",
        "A_VSD": "false",
        "S_IOK_MET3": "false",
        "S_IOK_MET10": "false",
        "S_IOK_MET9": "false",
        "S_IOK_MET8": "false",
        "S_RUN": "false",
        "S_MNT": "false",
        "S_MAN": "false",
        "S_IOK": "false",
        "S_AUT_DIS": "false",
        "script.IOSetRef_ABCLX.AliasReferences": "No Data",
        "script.IOSetRef_ABCLX.Aliases": "No Data",
        "script.IOSetRef_ABCLX.DeclarationsText": "",
        "script.OnScan.AliasReferences": "No Data",
        "script.OnScan.Aliases": "No Data",
        "script.OnScan.TriggerType": "WhileTrue",
        "script.OnScan.Expression": "",
        "script.OnScan.DataChangeDeadband": "0.0",
        "script.OnScan.DeclarationsText": "",
        "script.OnScan.ExecutionError.Alarmed": "false",
        "script.OnScan.TriggerPeriod": "0000 00:00:00.0000000",
        "script.OnScan.RunsAsync": "false",
        "script.OnScan.State.Historized": "false",
        "script.OnScan.ExecuteTimeout.Limit": "0",
        "script.OnScan.TriggerOnQualityChange": "false",
        "script.GenericSetup.AliasReferences": "No Data",
        "script.GenericSetup.Aliases": "No Data",
        "script.GenericSetup.DeclarationsText": "",
        "A_ISO.HasStatistics": "false",
        "A_ISO.Historized": "false",
        "A_ISO.LogDataChangeEvent": "false",
        "A_ISO.UseOffOnMsg": "false",
        "A_ISO.OnMsg": "True",
        "A_ISO.OffMsg": "False",
        "A_ISO.InvertValue": "false",
        "A_ISO.Bad.Alarmed": "false",
        "A_ISO.Output.DiffAddr": "false",
        "A_ISO.Desc": "Isolator Switched Off Alarm",
        "A_ISO.Input.DataType": "MxBoolean",
        "A_ISO.Input.InputSource": "---",
        "A_ISO.Output.DataType": "MxBoolean",
        "A_ISO.Output.OutputDest": "---",
        "C_AUT.Alarmed": "false",
        "C_AUT.HasStatistics": "false",
        "C_AUT.Historized": "false",
        "C_AUT.LogDataChangeEvent": "false",
        "C_AUT.UseOffOnMsg": "false",
        "C_AUT.OnMsg": "True",
        "C_AUT.OffMsg": "False",
        "C_AUT.InvertValue": "false",
        "C_AUT.Bad.Alarmed": "false",
        "C_AUT.Output.DiffAddr": "false",
        "C_AUT.Desc": "Auto Mode Requested",
        "C_AUT.Input.DataType": "MxBoolean",
        "C_AUT.Input.InputSource": "---",
        "C_AUT.Output.DataType": "MxBoolean",
        "C_AUT.Output.OutputDest": "---",
        "C_MAN.Alarmed": "false",
        "C_MAN.HasStatistics": "false",
        "C_MAN.Historized": "false",
        "C_MAN.LogDataChangeEvent": "false",
        "C_MAN.UseOffOnMsg": "false",
        "C_MAN.OnMsg": "True",
        "C_MAN.OffMsg": "False",
        "C_MAN.InvertValue": "false",
        "C_MAN.Bad.Alarmed": "false",
        "C_MAN.Output.DiffAddr": "false",
        "C_MAN.Desc": "Manual Mode Requested",
        "C_MAN.Input.DataType": "MxBoolean",
        "C_MAN.Input.InputSource": "---",
        "C_MAN.Output.DataType": "MxBoolean",
        "C_MAN.Output.OutputDest": "---",
        "C_MNT.Alarmed": "false",
        "C_MNT.HasStatistics": "false",
        "C_MNT.Historized": "false",
        "C_MNT.LogDataChangeEvent": "false",
        "C_MNT.UseOffOnMsg": "false",
        "C_MNT.OnMsg": "True",
        "C_MNT.OffMsg": "False",
        "C_MNT.InvertValue": "false",
        "C_MNT.Bad.Alarmed": "false",
        "C_MNT.Output.DiffAddr": "false",
        "C_MNT.Desc": "Maintenance Mode Requested",
        "C_MNT.Input.DataType": "MxBoolean",
        "C_MNT.Input.InputSource": "---",
        "C_MNT.Output.DataType": "MxBoolean",
        "C_MNT.Output.OutputDest": "---",
        "C_STP.Alarmed": "false",
        "C_STP.HasStatistics": "false",
        "C_STP.Historized": "false",
        "C_STP.LogDataChangeEvent": "false",
        "C_STP.UseOffOnMsg": "false",
        "C_STP.OnMsg": "True",
        "C_STP.OffMsg": "False",
        "C_STP.InvertValue": "false",
        "C_STP.Bad.Alarmed": "false",
        "C_STP.Output.DiffAddr": "false",
        "C_STP.Desc": "Operator Stop Request",
        "C_STP.Input.DataType": "MxBoolean",
        "C_STP.Input.InputSource": "---",
        "C_STP.Output.DataType": "MxBoolean",
        "C_STP.Output.OutputDest": "---",
        "C_STT.Alarmed": "false",
        "C_STT.HasStatistics": "false",
        "C_STT.Historized": "false",
        "C_STT.LogDataChangeEvent": "false",
        "C_STT.UseOffOnMsg": "false",
        "C_STT.OnMsg": "True",
        "C_STT.OffMsg": "False",
        "C_STT.InvertValue": "false",
        "C_STT.Bad.Alarmed": "false",
        "C_STT.Output.DiffAddr": "false",
        "C_STT.Desc": "Operator Start FWD Request",
        "C_STT.Input.DataType": "MxBoolean",
        "C_STT.Input.InputSource": "---",
        "C_STT.Output.DataType": "MxBoolean",
        "C_STT.Output.OutputDest": "---",
        "S_AUT.Alarmed": "false",
        "S_AUT.HasStatistics": "false",
        "S_AUT.LogDataChangeEvent": "false",
        "S_AUT.UseOffOnMsg": "false",
        "S_AUT.OnMsg": "True",
        "S_AUT.OffMsg": "False",
        "S_AUT.InvertValue": "false",
        "S_AUT.Bad.Alarmed": "false",
        "S_AUT.Output.DiffAddr": "false",
        "S_AUT.Desc": "Auto Mode Active",
        "S_AUT.Input.DataType": "MxBoolean",
        "S_AUT.Input.InputSource": "---",
        "S_FLT.Alarmed": "false",
        "S_FLT.HasStatistics": "false",
        "S_FLT.LogDataChangeEvent": "false",
        "S_FLT.UseOffOnMsg": "false",
        "S_FLT.OnMsg": "True",
        "S_FLT.OffMsg": "False",
        "S_FLT.InvertValue": "false",
        "S_FLT.Bad.Alarmed": "false",
        "S_FLT.Output.DiffAddr": "false",
        "S_FLT.Desc": "Motor Fault",
        "S_FLT.Input.DataType": "MxBoolean",
        "S_FLT.Input.InputSource": "---",
        "S_IOK.Alarmed": "false",
        "S_IOK.HasStatistics": "false",
        "S_IOK.Historized": "false",
        "S_IOK.LogDataChangeEvent": "false",
        "S_IOK.UseOffOnMsg": "false",
        "S_IOK.OnMsg": "True",
        "S_IOK.OffMsg": "False",
        "S_IOK.InvertValue": "false",
        "S_IOK.Bad.Alarmed": "false",
        "S_IOK.Output.DiffAddr": "false",
        "S_IOK.Desc": "Interlocks permit starting or running",
        "S_IOK.Input.DataType": "MxBoolean",
        "S_IOK.Input.InputSource": "---",
        "S_MAN.Alarmed": "false",
        "S_MAN.HasStatistics": "false",
        "S_MAN.Historized": "false",
        "S_MAN.LogDataChangeEvent": "false",
        "S_MAN.UseOffOnMsg": "false",
        "S_MAN.OnMsg": "True",
        "S_MAN.OffMsg": "False",
        "S_MAN.InvertValue": "false",
        "S_MAN.Bad.Alarmed": "false",
        "S_MAN.Output.DiffAddr": "false",
        "S_MAN.Desc": "Manual Mode Active",
        "S_MAN.Input.DataType": "MxBoolean",
        "S_MAN.Input.InputSource": "---",
        "S_MNT.Alarmed": "false",
        "S_MNT.HasStatistics": "false",
        "S_MNT.Historized": "false",
        "S_MNT.LogDataChangeEvent": "false",
        "S_MNT.UseOffOnMsg": "false",
        "S_MNT.OnMsg": "True",
        "S_MNT.OffMsg": "False",
        "S_MNT.InvertValue": "false",
        "S_MNT.Bad.Alarmed": "false",
        "S_MNT.Output.DiffAddr": "false",
        "S_MNT.Desc": "Maintenance Mode Active",
        "S_MNT.Input.DataType": "MxBoolean",
        "S_MNT.Input.InputSource": "---",
        "S_RUN.Alarmed": "false",
        "S_RUN.HasStatistics": "false",
        "S_RUN.LogDataChangeEvent": "false",
        "S_RUN.UseOffOnMsg": "false",
        "S_RUN.OnMsg": "True",
        "S_RUN.OffMsg": "False",
        "S_RUN.InvertValue": "false",
        "S_RUN.Bad.Alarmed": "false",
        "S_RUN.Output.DiffAddr": "false",
        "S_RUN.Desc": "Motor is running FWD",
        "S_RUN.Input.DataType": "MxBoolean",
        "S_RUN.Input.InputSource": "---",
        "S_RUN.Output.DataType": "MxBoolean",
        "S_RUN.Output.OutputDest": "---",
        "S_STS.Alarmed": "false",
        "S_STS.HasStatistics": "false",
        "S_STS.Historized": "false",
        "S_STS.LogDataChangeEvent": "false",
        "S_STS.UseOffOnMsg": "false",
        "S_STS.OnMsg": "True",
        "S_STS.OffMsg": "False",
        "S_STS.InvertValue": "false",
        "S_STS.Bad.Alarmed": "false",
        "S_STS.Output.DiffAddr": "false",
        "S_STS.Desc": "Digital Generic Compatibility for S_RUN or S_RUR",
        "S_STS.Input.DataType": "MxBoolean",
        "S_STS.Input.InputSource": "---",
        "C_MSP.EngUnits": "",
        "C_MSP.LevelAlarmed": "false",
        "C_MSP.ROCAlarmed": "false",
        "C_MSP.DeviationAlarmed": "false",
        "C_MSP.Bad.Alarmed": "false",
        "C_MSP.LogDataChangeEvent": "false",
        "C_MSP.HasStatistics": "false",
        "C_MSP.Scaled": "false",
        "C_MSP.Historized": "false",
        "C_MSP.Output.DiffAddr": "false",
        "C_MSP.Deadband": "0.0",
        "C_MSP.Desc": "Speed setpoint from HMI -  manual mode",
        "C_MSP.Input.DataType": "MxDouble",
        "C_MSP.Input.InputSource": "---",
        "C_MSP.Output.DataType": "MxDouble",
        "C_MSP.Output.OutputDest": "---",
        "S_SP.EngUnits": "",
        "S_SP.LevelAlarmed": "false",
        "S_SP.ROCAlarmed": "false",
        "S_SP.DeviationAlarmed": "false",
        "S_SP.Bad.Alarmed": "false",
        "S_SP.LogDataChangeEvent": "false",
        "S_SP.HasStatistics": "false",
        "S_SP.Scaled": "false",
        "S_SP.Output.DiffAddr": "false",
        "S_SP.Deadband": "0.0",
        "S_SP.Desc": "Set Point",
        "S_SP.Input.DataType": "MxDouble",
        "S_SP.Input.InputSource": "---",
        "S_PV.EngUnits": "",
        "S_PV.LevelAlarmed": "false",
        "S_PV.ROCAlarmed": "false",
        "S_PV.DeviationAlarmed": "false",
        "S_PV.Bad.Alarmed": "false",
        "S_PV.LogDataChangeEvent": "false",
        "S_PV.HasStatistics": "false",
        "S_PV.Scaled": "false",
        "S_PV.Output.DiffAddr": "false",
        "S_PV.Deadband": "0.0",
        "S_PV.Desc": "Process Variable",
        "S_PV.Input.DataType": "MxDouble",
        "S_PV.Input.InputSource": "---",
        "S_AUT_DIS.Alarmed": "false",
        "S_AUT_DIS.HasStatistics": "false",
        "S_AUT_DIS.Historized": "false",
        "S_AUT_DIS.LogDataChangeEvent": "false",
        "S_AUT_DIS.UseOffOnMsg": "false",
        "S_AUT_DIS.OnMsg": "True",
        "S_AUT_DIS.OffMsg": "False",
        "S_AUT_DIS.InvertValue": "false",
        "S_AUT_DIS.Bad.Alarmed": "false",
        "S_AUT_DIS.Output.DiffAddr": "false",
        "S_AUT_DIS.Desc": "Motor is operated manually only. That is, not under PLC control.",
        "S_AUT_DIS.Input.DataType": "MxBoolean",
        "S_AUT_DIS.Input.InputSource": "---",
        "A_ISO_Acked.Alarmed": "false",
        "A_ISO_Acked.HasStatistics": "false",
        "A_ISO_Acked.Historized": "false",
        "A_ISO_Acked.LogDataChangeEvent": "false",
        "A_ISO_Acked.UseOffOnMsg": "false",
        "A_ISO_Acked.OnMsg": "True",
        "A_ISO_Acked.OffMsg": "False",
        "A_ISO_Acked.InvertValue": "false",
        "A_ISO_Acked.Bad.Alarmed": "false",
        "A_ISO_Acked.Output.DiffAddr": "false",
        "A_ISO_Acked.Desc": "Isolator Switched Off Alarm",
        "A_ISO_Acked.Input.DataType": "MxBoolean",
        "A_ISO_Acked.Input.InputSource": "---",
        "A_ISO_Acked.Output.DataType": "MxBoolean",
        "A_ISO_Acked.Output.OutputDest": "---",
        "A_ISO_AlarmMode.EngUnits": "",
        "A_ISO_AlarmMode.LevelAlarmed": "false",
        "A_ISO_AlarmMode.ROCAlarmed": "false",
        "A_ISO_AlarmMode.DeviationAlarmed": "false",
        "A_ISO_AlarmMode.Bad.Alarmed": "false",
        "A_ISO_AlarmMode.LogDataChangeEvent": "false",
        "A_ISO_AlarmMode.HasStatistics": "false",
        "A_ISO_AlarmMode.Scaled": "false",
        "A_ISO_AlarmMode.Historized": "false",
        "A_ISO_AlarmMode.Output.DiffAddr": "false",
        "A_ISO_AlarmMode.Deadband": "0.0",
        "A_ISO_AlarmMode.Desc": "Isolator Switched Off Alarm",
        "A_ISO_AlarmMode.Input.DataType": "MxInteger",
        "A_ISO_AlarmMode.Input.InputSource": "---",
        "A_ISO_AlarmMode.Output.DataType": "MxInteger",
        "A_ISO_AlarmMode.Output.OutputDest": "---",
        "C_ASP.EngUnits": "",
        "C_ASP.LevelAlarmed": "false",
        "C_ASP.ROCAlarmed": "false",
        "C_ASP.DeviationAlarmed": "false",
        "C_ASP.Bad.Alarmed": "false",
        "C_ASP.LogDataChangeEvent": "false",
        "C_ASP.HasStatistics": "false",
        "C_ASP.Scaled": "false",
        "C_ASP.Historized": "false",
        "C_ASP.Output.DiffAddr": "false",
        "C_ASP.Deadband": "0.0",
        "C_ASP.Desc": "Speed setpoint from HMI - auto mode",
        "C_ASP.Input.DataType": "MxDouble",
        "C_ASP.Input.InputSource": "---",
        "C_ASP.Output.DataType": "MxDouble",
        "C_ASP.Output.OutputDest": "---",
        "S_ASP_ENB.Alarmed": "false",
        "S_ASP_ENB.HasStatistics": "false",
        "S_ASP_ENB.Historized": "false",
        "S_ASP_ENB.LogDataChangeEvent": "false",
        "S_ASP_ENB.UseOffOnMsg": "false",
        "S_ASP_ENB.OnMsg": "True",
        "S_ASP_ENB.OffMsg": "False",
        "S_ASP_ENB.InvertValue": "false",
        "S_ASP_ENB.Bad.Alarmed": "false",
        "S_ASP_ENB.Output.DiffAddr": "false",
        "S_ASP_ENB.Desc": "Speed setpoint from HMI - auto mode enabled",
        "S_ASP_ENB.Input.DataType": "MxBoolean",
        "S_ASP_ENB.Input.InputSource": "---",
        "S_SPL.EngUnits": "",
        "S_SPL.LevelAlarmed": "false",
        "S_SPL.ROCAlarmed": "false",
        "S_SPL.DeviationAlarmed": "false",
        "S_SPL.Bad.Alarmed": "false",
        "S_SPL.LogDataChangeEvent": "false",
        "S_SPL.HasStatistics": "false",
        "S_SPL.Scaled": "false",
        "S_SPL.Historized": "false",
        "S_SPL.Output.DiffAddr": "false",
        "S_SPL.Deadband": "0.0",
        "S_SPL.Desc": "Setpoint min - auto mode",
        "S_SPL.Input.DataType": "MxDouble",
        "S_SPL.Input.InputSource": "---",
        "S_SPH.EngUnits": "",
        "S_SPH.LevelAlarmed": "false",
        "S_SPH.ROCAlarmed": "false",
        "S_SPH.DeviationAlarmed": "false",
        "S_SPH.Bad.Alarmed": "false",
        "S_SPH.LogDataChangeEvent": "false",
        "S_SPH.HasStatistics": "false",
        "S_SPH.Scaled": "false",
        "S_SPH.Historized": "false",
        "S_SPH.Output.DiffAddr": "false",
        "S_SPH.Deadband": "0.0",
        "S_SPH.Desc": "Setpoint max - auto mode",
        "S_SPH.Input.DataType": "MxDouble",
        "S_SPH.Input.InputSource": "---",
        "C_SPH.EngUnits": "",
        "C_SPH.LevelAlarmed": "false",
        "C_SPH.ROCAlarmed": "false",
        "C_SPH.DeviationAlarmed": "false",
        "C_SPH.Bad.Alarmed": "false",
        "C_SPH.LogDataChangeEvent": "false",
        "C_SPH.HasStatistics": "false",
        "C_SPH.Scaled": "false",
        "C_SPH.Historized": "false",
        "C_SPH.Output.DiffAddr": "false",
        "C_SPH.Deadband": "0.0",
        "C_SPH.Desc": "Setpoint max from RMP",
        "C_SPH.Input.DataType": "MxDouble",
        "C_SPH.Input.InputSource": "---",
        "C_SPH.Output.DataType": "MxDouble",
        "C_SPH.Output.OutputDest": "---",
        "C_SPL.EngUnits": "",
        "C_SPL.LevelAlarmed": "false",
        "C_SPL.ROCAlarmed": "false",
        "C_SPL.DeviationAlarmed": "false",
        "C_SPL.Bad.Alarmed": "false",
        "C_SPL.LogDataChangeEvent": "false",
        "C_SPL.HasStatistics": "false",
        "C_SPL.Scaled": "false",
        "C_SPL.Historized": "false",
        "C_SPL.Output.DiffAddr": "false",
        "C_SPL.Deadband": "0.0",
        "C_SPL.Desc": "Setpoint min from RMP",
        "C_SPL.Input.DataType": "MxDouble",
        "C_SPL.Input.InputSource": "---",
        "C_SPL.Output.DataType": "MxDouble",
        "C_SPL.Output.OutputDest": "---",
        "S_IOK_FWD.Alarmed": "false",
        "S_IOK_FWD.HasStatistics": "false",
        "S_IOK_FWD.Historized": "false",
        "S_IOK_FWD.LogDataChangeEvent": "false",
        "S_IOK_FWD.UseOffOnMsg": "false",
        "S_IOK_FWD.OnMsg": "True",
        "S_IOK_FWD.OffMsg": "False",
        "S_IOK_FWD.InvertValue": "false",
        "S_IOK_FWD.Bad.Alarmed": "false",
        "S_IOK_FWD.Output.DiffAddr": "false",
        "S_IOK_FWD.Desc": "Interlocks allow running FWD",
        "S_IOK_FWD.Input.DataType": "MxBoolean",
        "S_IOK_FWD.Input.InputSource": "---",
        "S_IOK_MET1.Alarmed": "false",
        "S_IOK_MET1.HasStatistics": "false",
        "S_IOK_MET1.Historized": "false",
        "S_IOK_MET1.LogDataChangeEvent": "false",
        "S_IOK_MET1.UseOffOnMsg": "false",
        "S_IOK_MET1.OnMsg": "True",
        "S_IOK_MET1.OffMsg": "False",
        "S_IOK_MET1.InvertValue": "false",
        "S_IOK_MET1.Bad.Alarmed": "false",
        "S_IOK_MET1.Output.DiffAddr": "false",
        "S_IOK_MET1.Desc": "Status Interlock Met 1",
        "S_IOK_MET1.Input.DataType": "MxBoolean",
        "S_IOK_MET1.Input.InputSource": "---",
        "S_IOK_MET2.Alarmed": "false",
        "S_IOK_MET2.HasStatistics": "false",
        "S_IOK_MET2.Historized": "false",
        "S_IOK_MET2.LogDataChangeEvent": "false",
        "S_IOK_MET2.UseOffOnMsg": "false",
        "S_IOK_MET2.OnMsg": "True",
        "S_IOK_MET2.OffMsg": "False",
        "S_IOK_MET2.InvertValue": "false",
        "S_IOK_MET2.Bad.Alarmed": "false",
        "S_IOK_MET2.Output.DiffAddr": "false",
        "S_IOK_MET2.Desc": "Status Interlock Met 2",
        "S_IOK_MET2.Input.DataType": "MxBoolean",
        "S_IOK_MET2.Input.InputSource": "---",
        "S_IOK_MET3.Alarmed": "false",
        "S_IOK_MET3.HasStatistics": "false",
        "S_IOK_MET3.Historized": "false",
        "S_IOK_MET3.LogDataChangeEvent": "false",
        "S_IOK_MET3.UseOffOnMsg": "false",
        "S_IOK_MET3.OnMsg": "True",
        "S_IOK_MET3.OffMsg": "False",
        "S_IOK_MET3.InvertValue": "false",
        "S_IOK_MET3.Bad.Alarmed": "false",
        "S_IOK_MET3.Output.DiffAddr": "false",
        "S_IOK_MET3.Desc": "Status Interlock Met 3",
        "S_IOK_MET3.Input.DataType": "MxBoolean",
        "S_IOK_MET3.Input.InputSource": "---",
        "S_IOK_MET4.Alarmed": "false",
        "S_IOK_MET4.HasStatistics": "false",
        "S_IOK_MET4.Historized": "false",
        "S_IOK_MET4.LogDataChangeEvent": "false",
        "S_IOK_MET4.UseOffOnMsg": "false",
        "S_IOK_MET4.OnMsg": "True",
        "S_IOK_MET4.OffMsg": "False",
        "S_IOK_MET4.InvertValue": "false",
        "S_IOK_MET4.Bad.Alarmed": "false",
        "S_IOK_MET4.Output.DiffAddr": "false",
        "S_IOK_MET4.Desc": "Status Interlock Met 4",
        "S_IOK_MET4.Input.DataType": "MxBoolean",
        "S_IOK_MET4.Input.InputSource": "---",
        "S_IOK_MET5.Alarmed": "false",
        "S_IOK_MET5.HasStatistics": "false",
        "S_IOK_MET5.Historized": "false",
        "S_IOK_MET5.LogDataChangeEvent": "false",
        "S_IOK_MET5.UseOffOnMsg": "false",
        "S_IOK_MET5.OnMsg": "True",
        "S_IOK_MET5.OffMsg": "False",
        "S_IOK_MET5.InvertValue": "false",
        "S_IOK_MET5.Bad.Alarmed": "false",
        "S_IOK_MET5.Output.DiffAddr": "false",
        "S_IOK_MET5.Desc": "Status Interlock Met 5",
        "S_IOK_MET5.Input.DataType": "MxBoolean",
        "S_IOK_MET5.Input.InputSource": "---",
        "A_SFTY.HasStatistics": "false",
        "A_SFTY.Historized": "false",
        "A_SFTY.LogDataChangeEvent": "false",
        "A_SFTY.UseOffOnMsg": "false",
        "A_SFTY.OnMsg": "True",
        "A_SFTY.OffMsg": "False",
        "A_SFTY.InvertValue": "false",
        "A_SFTY.Bad.Alarmed": "false",
        "A_SFTY.Output.DiffAddr": "false",
        "A_SFTY.Desc": "Safety tripped",
        "A_SFTY.Input.DataType": "MxBoolean",
        "A_SFTY.Input.InputSource": "---",
        "A_SFTY.Output.DataType": "MxBoolean",
        "A_SFTY.Output.OutputDest": "---",
        "A_SFTY_Acked.Alarmed": "false",
        "A_SFTY_Acked.HasStatistics": "false",
        "A_SFTY_Acked.Historized": "false",
        "A_SFTY_Acked.LogDataChangeEvent": "false",
        "A_SFTY_Acked.UseOffOnMsg": "false",
        "A_SFTY_Acked.OnMsg": "True",
        "A_SFTY_Acked.OffMsg": "False",
        "A_SFTY_Acked.InvertValue": "false",
        "A_SFTY_Acked.Bad.Alarmed": "false",
        "A_SFTY_Acked.Output.DiffAddr": "false",
        "A_SFTY_Acked.Desc": "Safety tripped",
        "A_SFTY_Acked.Input.DataType": "MxBoolean",
        "A_SFTY_Acked.Input.InputSource": "---",
        "A_SFTY_Acked.Output.DataType": "MxBoolean",
        "A_SFTY_Acked.Output.OutputDest": "---",
        "A_SFTY_AlarmMode.EngUnits": "",
        "A_SFTY_AlarmMode.LevelAlarmed": "false",
        "A_SFTY_AlarmMode.ROCAlarmed": "false",
        "A_SFTY_AlarmMode.DeviationAlarmed": "false",
        "A_SFTY_AlarmMode.Bad.Alarmed": "false",
        "A_SFTY_AlarmMode.LogDataChangeEvent": "false",
        "A_SFTY_AlarmMode.HasStatistics": "false",
        "A_SFTY_AlarmMode.Scaled": "false",
        "A_SFTY_AlarmMode.Historized": "false",
        "A_SFTY_AlarmMode.Output.DiffAddr": "false",
        "A_SFTY_AlarmMode.Deadband": "0.0",
        "A_SFTY_AlarmMode.Desc": "Safety tripped",
        "A_SFTY_AlarmMode.Input.DataType": "MxInteger",
        "A_SFTY_AlarmMode.Input.InputSource": "---",
        "A_SFTY_AlarmMode.Output.DataType": "MxInteger",
        "A_SFTY_AlarmMode.Output.OutputDest": "---",
        "A_FTSTOP_Acked.Alarmed": "false",
        "A_FTSTOP_Acked.HasStatistics": "false",
        "A_FTSTOP_Acked.Historized": "false",
        "A_FTSTOP_Acked.LogDataChangeEvent": "false",
        "A_FTSTOP_Acked.UseOffOnMsg": "false",
        "A_FTSTOP_Acked.OnMsg": "True",
        "A_FTSTOP_Acked.OffMsg": "False",
        "A_FTSTOP_Acked.InvertValue": "false",
        "A_FTSTOP_Acked.Bad.Alarmed": "false",
        "A_FTSTOP_Acked.Output.DiffAddr": "false",
        "A_FTSTOP_Acked.Desc": "Failed to Stop alarm",
        "A_FTSTOP_Acked.Input.DataType": "MxBoolean",
        "A_FTSTOP_Acked.Input.InputSource": "---",
        "A_FTSTOP_Acked.Output.DataType": "MxBoolean",
        "A_FTSTOP_Acked.Output.OutputDest": "---",
        "A_FTSTART_Acked.Alarmed": "false",
        "A_FTSTART_Acked.HasStatistics": "false",
        "A_FTSTART_Acked.Historized": "false",
        "A_FTSTART_Acked.LogDataChangeEvent": "false",
        "A_FTSTART_Acked.UseOffOnMsg": "false",
        "A_FTSTART_Acked.OnMsg": "True",
        "A_FTSTART_Acked.OffMsg": "False",
        "A_FTSTART_Acked.InvertValue": "false",
        "A_FTSTART_Acked.Bad.Alarmed": "false",
        "A_FTSTART_Acked.Output.DiffAddr": "false",
        "A_FTSTART_Acked.Desc": "Failed to Start alarm",
        "A_FTSTART_Acked.Input.DataType": "MxBoolean",
        "A_FTSTART_Acked.Input.InputSource": "---",
        "A_FTSTART_Acked.Output.DataType": "MxBoolean",
        "A_FTSTART_Acked.Output.OutputDest": "---",
        "A_FTSTART.HasStatistics": "false",
        "A_FTSTART.Historized": "false",
        "A_FTSTART.LogDataChangeEvent": "false",
        "A_FTSTART.UseOffOnMsg": "false",
        "A_FTSTART.OnMsg": "True",
        "A_FTSTART.OffMsg": "False",
        "A_FTSTART.InvertValue": "false",
        "A_FTSTART.Bad.Alarmed": "false",
        "A_FTSTART.Output.DiffAddr": "false",
        "A_FTSTART.Desc": "Failed to Start alarm",
        "A_FTSTART.Input.DataType": "MxBoolean",
        "A_FTSTART.Input.InputSource": "---",
        "A_FTSTART.Output.DataType": "MxBoolean",
        "A_FTSTART.Output.OutputDest": "---",
        "A_FTSTOP.HasStatistics": "false",
        "A_FTSTOP.Historized": "false",
        "A_FTSTOP.LogDataChangeEvent": "false",
        "A_FTSTOP.UseOffOnMsg": "false",
        "A_FTSTOP.OnMsg": "True",
        "A_FTSTOP.OffMsg": "False",
        "A_FTSTOP.InvertValue": "false",
        "A_FTSTOP.Bad.Alarmed": "false",
        "A_FTSTOP.Output.DiffAddr": "false",
        "A_FTSTOP.Desc": "Failed to Stop alarm",
        "A_FTSTOP.Input.DataType": "MxBoolean",
        "A_FTSTOP.Input.InputSource": "---",
        "A_FTSTOP.Output.DataType": "MxBoolean",
        "A_FTSTOP.Output.OutputDest": "---",
        "A_FTSTOP_AlarmMode.EngUnits": "",
        "A_FTSTOP_AlarmMode.LevelAlarmed": "false",
        "A_FTSTOP_AlarmMode.ROCAlarmed": "false",
        "A_FTSTOP_AlarmMode.DeviationAlarmed": "false",
        "A_FTSTOP_AlarmMode.Bad.Alarmed": "false",
        "A_FTSTOP_AlarmMode.LogDataChangeEvent": "false",
        "A_FTSTOP_AlarmMode.HasStatistics": "false",
        "A_FTSTOP_AlarmMode.Scaled": "false",
        "A_FTSTOP_AlarmMode.Historized": "false",
        "A_FTSTOP_AlarmMode.Output.DiffAddr": "false",
        "A_FTSTOP_AlarmMode.Deadband": "0.0",
        "A_FTSTOP_AlarmMode.Desc": "Failed to Stop alarm",
        "A_FTSTOP_AlarmMode.Input.DataType": "MxInteger",
        "A_FTSTOP_AlarmMode.Input.InputSource": "---",
        "A_FTSTOP_AlarmMode.Output.DataType": "MxInteger",
        "A_FTSTOP_AlarmMode.Output.OutputDest": "---",
        "A_FTSTART_AlarmMode.EngUnits": "",
        "A_FTSTART_AlarmMode.LevelAlarmed": "false",
        "A_FTSTART_AlarmMode.ROCAlarmed": "false",
        "A_FTSTART_AlarmMode.DeviationAlarmed": "false",
        "A_FTSTART_AlarmMode.Bad.Alarmed": "false",
        "A_FTSTART_AlarmMode.LogDataChangeEvent": "false",
        "A_FTSTART_AlarmMode.HasStatistics": "false",
        "A_FTSTART_AlarmMode.Scaled": "false",
        "A_FTSTART_AlarmMode.Historized": "false",
        "A_FTSTART_AlarmMode.Output.DiffAddr": "false",
        "A_FTSTART_AlarmMode.Deadband": "0.0",
        "A_FTSTART_AlarmMode.Desc": "Failed to Start alarm",
        "A_FTSTART_AlarmMode.Input.DataType": "MxInteger",
        "A_FTSTART_AlarmMode.Input.InputSource": "---",
        "A_FTSTART_AlarmMode.Output.DataType": "MxInteger",
        "A_FTSTART_AlarmMode.Output.OutputDest": "---",
        "A_VSD.HasStatistics": "false",
        "A_VSD.Historized": "false",
        "A_VSD.LogDataChangeEvent": "false",
        "A_VSD.UseOffOnMsg": "false",
        "A_VSD.OnMsg": "True",
        "A_VSD.OffMsg": "False",
        "A_VSD.InvertValue": "false",
        "A_VSD.Bad.Alarmed": "false",
        "A_VSD.Output.DiffAddr": "false",
        "A_VSD.Desc": "",
        "A_VSD.Input.DataType": "MxBoolean",
        "A_VSD.Input.InputSource": "---",
        "A_VSD.Output.DataType": "MxBoolean",
        "A_VSD.Output.OutputDest": "---",
        "A_VSD_Acked.Alarmed": "false",
        "A_VSD_Acked.HasStatistics": "false",
        "A_VSD_Acked.Historized": "false",
        "A_VSD_Acked.LogDataChangeEvent": "false",
        "A_VSD_Acked.UseOffOnMsg": "false",
        "A_VSD_Acked.OnMsg": "True",
        "A_VSD_Acked.OffMsg": "False",
        "A_VSD_Acked.InvertValue": "false",
        "A_VSD_Acked.Bad.Alarmed": "false",
        "A_VSD_Acked.Output.DiffAddr": "false",
        "A_VSD_Acked.Desc": "",
        "A_VSD_Acked.Input.DataType": "MxBoolean",
        "A_VSD_Acked.Input.InputSource": "---",
        "A_VSD_Acked.Output.DataType": "MxBoolean",
        "A_VSD_Acked.Output.OutputDest": "---",
        "A_VSD_AlarmMode.EngUnits": "",
        "A_VSD_AlarmMode.LevelAlarmed": "false",
        "A_VSD_AlarmMode.ROCAlarmed": "false",
        "A_VSD_AlarmMode.DeviationAlarmed": "false",
        "A_VSD_AlarmMode.Bad.Alarmed": "false",
        "A_VSD_AlarmMode.LogDataChangeEvent": "false",
        "A_VSD_AlarmMode.HasStatistics": "false",
        "A_VSD_AlarmMode.Scaled": "false",
        "A_VSD_AlarmMode.Historized": "false",
        "A_VSD_AlarmMode.Output.DiffAddr": "false",
        "A_VSD_AlarmMode.Deadband": "0.0",
        "A_VSD_AlarmMode.Desc": "",
        "A_VSD_AlarmMode.Input.DataType": "MxInteger",
        "A_VSD_AlarmMode.Input.InputSource": "---",
        "A_VSD_AlarmMode.Output.DataType": "MxInteger",
        "A_VSD_AlarmMode.Output.OutputDest": "---",
        "A_MCBOPND.HasStatistics": "false",
        "A_MCBOPND.Historized": "false",
        "A_MCBOPND.LogDataChangeEvent": "false",
        "A_MCBOPND.UseOffOnMsg": "false",
        "A_MCBOPND.OnMsg": "True",
        "A_MCBOPND.OffMsg": "False",
        "A_MCBOPND.InvertValue": "false",
        "A_MCBOPND.Bad.Alarmed": "false",
        "A_MCBOPND.Output.DiffAddr": "false",
        "A_MCBOPND.Desc": "Circuit breaker tripped",
        "A_MCBOPND.Input.DataType": "MxBoolean",
        "A_MCBOPND.Input.InputSource": "---",
        "A_MCBOPND_Acked.Alarmed": "false",
        "A_MCBOPND_Acked.HasStatistics": "false",
        "A_MCBOPND_Acked.Historized": "false",
        "A_MCBOPND_Acked.LogDataChangeEvent": "false",
        "A_MCBOPND_Acked.UseOffOnMsg": "false",
        "A_MCBOPND_Acked.OnMsg": "True",
        "A_MCBOPND_Acked.OffMsg": "False",
        "A_MCBOPND_Acked.InvertValue": "false",
        "A_MCBOPND_Acked.Bad.Alarmed": "false",
        "A_MCBOPND_Acked.Output.DiffAddr": "false",
        "A_MCBOPND_Acked.Desc": "Circuit breaker tripped",
        "A_MCBOPND_Acked.Input.DataType": "MxBoolean",
        "A_MCBOPND_Acked.Input.InputSource": "---",
        "A_MCBOPND_Acked.Output.DataType": "MxBoolean",
        "A_MCBOPND_Acked.Output.OutputDest": "---",
        "A_MCBTRIP_Acked.Alarmed": "false",
        "A_MCBTRIP_Acked.HasStatistics": "false",
        "A_MCBTRIP_Acked.Historized": "false",
        "A_MCBTRIP_Acked.LogDataChangeEvent": "false",
        "A_MCBTRIP_Acked.UseOffOnMsg": "false",
        "A_MCBTRIP_Acked.OnMsg": "True",
        "A_MCBTRIP_Acked.OffMsg": "False",
        "A_MCBTRIP_Acked.InvertValue": "false",
        "A_MCBTRIP_Acked.Bad.Alarmed": "false",
        "A_MCBTRIP_Acked.Output.DiffAddr": "false",
        "A_MCBTRIP_Acked.Desc": "",
        "A_MCBTRIP_Acked.Input.DataType": "MxBoolean",
        "A_MCBTRIP_Acked.Input.InputSource": "---",
        "A_MCBTRIP_Acked.Output.DataType": "MxBoolean",
        "A_MCBTRIP_Acked.Output.OutputDest": "---",
        "A_MCBTRIP.HasStatistics": "false",
        "A_MCBTRIP.Historized": "false",
        "A_MCBTRIP.LogDataChangeEvent": "false",
        "A_MCBTRIP.UseOffOnMsg": "false",
        "A_MCBTRIP.OnMsg": "True",
        "A_MCBTRIP.OffMsg": "False",
        "A_MCBTRIP.InvertValue": "false",
        "A_MCBTRIP.Bad.Alarmed": "false",
        "A_MCBTRIP.Output.DiffAddr": "false",
        "A_MCBTRIP.Desc": "",
        "A_MCBTRIP.Input.DataType": "MxBoolean",
        "A_MCBTRIP.Input.InputSource": "---",
        "A_MCBTRIP.Output.DataType": "MxBoolean",
        "A_MCBTRIP.Output.OutputDest": "---",
        "A_MCBOPND_AlarmMode.EngUnits": "",
        "A_MCBOPND_AlarmMode.LevelAlarmed": "false",
        "A_MCBOPND_AlarmMode.ROCAlarmed": "false",
        "A_MCBOPND_AlarmMode.DeviationAlarmed": "false",
        "A_MCBOPND_AlarmMode.Bad.Alarmed": "false",
        "A_MCBOPND_AlarmMode.LogDataChangeEvent": "false",
        "A_MCBOPND_AlarmMode.HasStatistics": "false",
        "A_MCBOPND_AlarmMode.Scaled": "false",
        "A_MCBOPND_AlarmMode.Historized": "false",
        "A_MCBOPND_AlarmMode.Output.DiffAddr": "false",
        "A_MCBOPND_AlarmMode.Deadband": "0.0",
        "A_MCBOPND_AlarmMode.Desc": "Circuit breaker tripped",
        "A_MCBOPND_AlarmMode.Input.DataType": "MxInteger",
        "A_MCBOPND_AlarmMode.Input.InputSource": "---",
        "A_MCBOPND_AlarmMode.Output.DataType": "MxInteger",
        "A_MCBOPND_AlarmMode.Output.OutputDest": "---",
        "A_MCBTRIP_AlarmMode.EngUnits": "",
        "A_MCBTRIP_AlarmMode.LevelAlarmed": "false",
        "A_MCBTRIP_AlarmMode.ROCAlarmed": "false",
        "A_MCBTRIP_AlarmMode.DeviationAlarmed": "false",
        "A_MCBTRIP_AlarmMode.Bad.Alarmed": "false",
        "A_MCBTRIP_AlarmMode.LogDataChangeEvent": "false",
        "A_MCBTRIP_AlarmMode.HasStatistics": "false",
        "A_MCBTRIP_AlarmMode.Scaled": "false",
        "A_MCBTRIP_AlarmMode.Historized": "false",
        "A_MCBTRIP_AlarmMode.Output.DiffAddr": "false",
        "A_MCBTRIP_AlarmMode.Deadband": "0.0",
        "A_MCBTRIP_AlarmMode.Desc": "",
        "A_MCBTRIP_AlarmMode.Input.DataType": "MxInteger",
        "A_MCBTRIP_AlarmMode.Input.InputSource": "---",
        "A_MCBTRIP_AlarmMode.Output.DataType": "MxInteger",
        "A_MCBTRIP_AlarmMode.Output.OutputDest": "---",
        "C_RESET.Alarmed": "false",
        "C_RESET.HasStatistics": "false",
        "C_RESET.Historized": "false",
        "C_RESET.LogDataChangeEvent": "false",
        "C_RESET.UseOffOnMsg": "false",
        "C_RESET.OnMsg": "True",
        "C_RESET.OffMsg": "False",
        "C_RESET.InvertValue": "false",
        "C_RESET.Bad.Alarmed": "false",
        "C_RESET.Output.DiffAddr": "false",
        "C_RESET.Desc": "",
        "C_RESET.Input.DataType": "MxBoolean",
        "C_RESET.Input.InputSource": "---",
        "C_RESET.Output.DataType": "MxBoolean",
        "C_RESET.Output.OutputDest": "---",
        "A_COMMS.HasStatistics": "false",
        "A_COMMS.Historized": "false",
        "A_COMMS.LogDataChangeEvent": "false",
        "A_COMMS.UseOffOnMsg": "false",
        "A_COMMS.OnMsg": "True",
        "A_COMMS.OffMsg": "False",
        "A_COMMS.InvertValue": "false",
        "A_COMMS.Bad.Alarmed": "false",
        "A_COMMS.Output.DiffAddr": "false",
        "A_COMMS.Desc": "",
        "A_COMMS.Input.DataType": "MxBoolean",
        "A_COMMS.Input.InputSource": "---",
        "A_COMMS_Acked.Alarmed": "false",
        "A_COMMS_Acked.HasStatistics": "false",
        "A_COMMS_Acked.Historized": "false",
        "A_COMMS_Acked.LogDataChangeEvent": "false",
        "A_COMMS_Acked.UseOffOnMsg": "false",
        "A_COMMS_Acked.OnMsg": "True",
        "A_COMMS_Acked.OffMsg": "False",
        "A_COMMS_Acked.InvertValue": "false",
        "A_COMMS_Acked.Bad.Alarmed": "false",
        "A_COMMS_Acked.Output.DiffAddr": "false",
        "A_COMMS_Acked.Desc": "",
        "A_COMMS_Acked.Input.DataType": "MxBoolean",
        "A_COMMS_Acked.Input.InputSource": "---",
        "A_COMMS_Acked.Output.DataType": "MxBoolean",
        "A_COMMS_Acked.Output.OutputDest": "---",
        "A_COMMS_AlarmMode.EngUnits": "",
        "A_COMMS_AlarmMode.LevelAlarmed": "false",
        "A_COMMS_AlarmMode.ROCAlarmed": "false",
        "A_COMMS_AlarmMode.DeviationAlarmed": "false",
        "A_COMMS_AlarmMode.Bad.Alarmed": "false",
        "A_COMMS_AlarmMode.LogDataChangeEvent": "false",
        "A_COMMS_AlarmMode.HasStatistics": "false",
        "A_COMMS_AlarmMode.Scaled": "false",
        "A_COMMS_AlarmMode.Historized": "false",
        "A_COMMS_AlarmMode.Output.DiffAddr": "false",
        "A_COMMS_AlarmMode.Deadband": "0.0",
        "A_COMMS_AlarmMode.Desc": "",
        "A_COMMS_AlarmMode.Input.DataType": "MxInteger",
        "A_COMMS_AlarmMode.Input.InputSource": "---",
        "A_COMMS_AlarmMode.Output.DataType": "MxInteger",
        "A_COMMS_AlarmMode.Output.OutputDest": "---",
        "S_IOK_MET6.Alarmed": "false",
        "S_IOK_MET6.HasStatistics": "false",
        "S_IOK_MET6.Historized": "false",
        "S_IOK_MET6.LogDataChangeEvent": "false",
        "S_IOK_MET6.UseOffOnMsg": "false",
        "S_IOK_MET6.OnMsg": "True",
        "S_IOK_MET6.OffMsg": "False",
        "S_IOK_MET6.InvertValue": "false",
        "S_IOK_MET6.Bad.Alarmed": "false",
        "S_IOK_MET6.Output.DiffAddr": "false",
        "S_IOK_MET6.Desc": "",
        "S_IOK_MET6.Input.DataType": "MxBoolean",
        "S_IOK_MET6.Input.InputSource": "---",
        "S_IOK_MET7.Alarmed": "false",
        "S_IOK_MET7.HasStatistics": "false",
        "S_IOK_MET7.Historized": "false",
        "S_IOK_MET7.LogDataChangeEvent": "false",
        "S_IOK_MET7.UseOffOnMsg": "false",
        "S_IOK_MET7.OnMsg": "True",
        "S_IOK_MET7.OffMsg": "False",
        "S_IOK_MET7.InvertValue": "false",
        "S_IOK_MET7.Bad.Alarmed": "false",
        "S_IOK_MET7.Output.DiffAddr": "false",
        "S_IOK_MET7.Desc": "",
        "S_IOK_MET7.Input.DataType": "MxBoolean",
        "S_IOK_MET7.Input.InputSource": "---",
        "S_IOK_MET8.Alarmed": "false",
        "S_IOK_MET8.HasStatistics": "false",
        "S_IOK_MET8.Historized": "false",
        "S_IOK_MET8.LogDataChangeEvent": "false",
        "S_IOK_MET8.UseOffOnMsg": "false",
        "S_IOK_MET8.OnMsg": "True",
        "S_IOK_MET8.OffMsg": "False",
        "S_IOK_MET8.InvertValue": "false",
        "S_IOK_MET8.Bad.Alarmed": "false",
        "S_IOK_MET8.Output.DiffAddr": "false",
        "S_IOK_MET8.Desc": "",
        "S_IOK_MET8.Input.DataType": "MxBoolean",
        "S_IOK_MET8.Input.InputSource": "---",
        "S_IOK_MET9.Alarmed": "false",
        "S_IOK_MET9.HasStatistics": "false",
        "S_IOK_MET9.Historized": "false",
        "S_IOK_MET9.LogDataChangeEvent": "false",
        "S_IOK_MET9.UseOffOnMsg": "false",
        "S_IOK_MET9.OnMsg": "True",
        "S_IOK_MET9.OffMsg": "False",
        "S_IOK_MET9.InvertValue": "false",
        "S_IOK_MET9.Bad.Alarmed": "false",
        "S_IOK_MET9.Output.DiffAddr": "false",
        "S_IOK_MET9.Desc": "",
        "S_IOK_MET9.Input.DataType": "MxBoolean",
        "S_IOK_MET9.Input.InputSource": "---",
        "S_IOK_MET10.Alarmed": "false",
        "S_IOK_MET10.HasStatistics": "false",
        "S_IOK_MET10.Historized": "false",
        "S_IOK_MET10.LogDataChangeEvent": "false",
        "S_IOK_MET10.UseOffOnMsg": "false",
        "S_IOK_MET10.OnMsg": "True",
        "S_IOK_MET10.OffMsg": "False",
        "S_IOK_MET10.InvertValue": "false",
        "S_IOK_MET10.Bad.Alarmed": "false",
        "S_IOK_MET10.Output.DiffAddr": "false",
        "S_IOK_MET10.Desc": "",
        "S_IOK_MET10.Input.DataType": "MxBoolean",
        "S_IOK_MET10.Input.InputSource": "---",
        "A_ISO.ActiveAlarmState": "true",
        "A_ISO.BooleanAlarm.TimeDeadband": "0000 00:00:00.0000000",
        "A_ISO.Category": "Discrete",
        "A_ISO.DescAttrName": "me.A_ISO.Desc",
        "A_ISO.AlarmShelveCmd": "Duration=0; Reason=\"\";",
        "S_AUT.ValueDeadBand": "0.0",
        "S_AUT.ForceStoragePeriod": "0",
        "S_AUT.TrendHi": "10.0",
        "S_AUT.TrendLo": "0.0",
        "S_AUT.Description": "",
        "S_AUT.InterpolationType": "SystemDefault",
        "S_AUT.RolloverValue": "0.0",
        "S_AUT.SampleCount": "0",
        "S_AUT.EnableSwingingDoor": "false",
        "S_AUT.RateDeadBand": "0.0",
        "S_FLT.ValueDeadBand": "0.0",
        "S_FLT.ForceStoragePeriod": "0",
        "S_FLT.TrendHi": "10.0",
        "S_FLT.TrendLo": "0.0",
        "S_FLT.Description": "",
        "S_FLT.InterpolationType": "SystemDefault",
        "S_FLT.RolloverValue": "0.0",
        "S_FLT.SampleCount": "0",
        "S_FLT.EnableSwingingDoor": "false",
        "S_FLT.RateDeadBand": "0.0",
        "S_RUN.ValueDeadBand": "0.0",
        "S_RUN.TrendHi": "10.0",
        "S_RUN.TrendLo": "0.0",
        "S_RUN.Description": "",
        "S_RUN.InterpolationType": "SystemDefault",
        "S_RUN.RolloverValue": "0.0",
        "S_RUN.SampleCount": "0",
        "S_RUN.EnableSwingingDoor": "false",
        "S_RUN.RateDeadBand": "0.0",
        "S_SP.ValueDeadBand": "0.0",
        "S_SP.ForceStoragePeriod": "0",
        "S_SP.TrendLo": "0.0",
        "S_SP.Description": "",
        "S_SP.InterpolationType": "SystemDefault",
        "S_SP.RolloverValue": "0.0",
        "S_SP.SampleCount": "0",
        "S_SP.EnableSwingingDoor": "false",
        "S_SP.RateDeadBand": "0.0",
        "S_PV.ValueDeadBand": "0.0",
        "S_PV.ForceStoragePeriod": "0",
        "S_PV.TrendLo": "0.0",
        "S_PV.Description": "",
        "S_PV.InterpolationType": "SystemDefault",
        "S_PV.RolloverValue": "0.0",
        "S_PV.SampleCount": "0",
        "S_PV.EnableSwingingDoor": "false",
        "S_PV.RateDeadBand": "0.0",
        "A_SFTY.ActiveAlarmState": "true",
        "A_SFTY.BooleanAlarm.TimeDeadband": "0000 00:00:00.0000000",
        "A_SFTY.Category": "Discrete",
        "A_SFTY.DescAttrName": "me.A_SFTY.Desc",
        "A_SFTY.AlarmShelveCmd": "Duration=0; Reason=\"\";",
        "A_FTSTART.ActiveAlarmState": "true",
        "A_FTSTART.BooleanAlarm.TimeDeadband": "0000 00:00:00.0000000",
        "A_FTSTART.Category": "Discrete",
        "A_FTSTART.DescAttrName": "me.A_FTSTART.Desc",
        "A_FTSTART.AlarmShelveCmd": "Duration=0; Reason=\"\";",
        "A_FTSTOP.ActiveAlarmState": "true",
        "A_FTSTOP.BooleanAlarm.TimeDeadband": "0000 00:00:00.0000000",
        "A_FTSTOP.Category": "Discrete",
        "A_FTSTOP.DescAttrName": "me.A_FTSTOP.Desc",
        "A_FTSTOP.AlarmShelveCmd": "Duration=0; Reason=\"\";",
        "A_VSD.ActiveAlarmState": "true",
        "A_VSD.BooleanAlarm.TimeDeadband": "0000 00:00:00.0000000",
        "A_VSD.Category": "Discrete",
        "A_VSD.DescAttrName": "me.A_VSD.Desc",
        "A_VSD.AlarmShelveCmd": "Duration=0; Reason=\"\";",
        "A_MCBOPND.ActiveAlarmState": "true",
        "A_MCBOPND.BooleanAlarm.TimeDeadband": "0000 00:00:00.0000000",
        "A_MCBOPND.Category": "Discrete",
        "A_MCBOPND.DescAttrName": "me.A_MCBOPND.Desc",
        "A_MCBOPND.AlarmShelveCmd": "Duration=0; Reason=\"\";",
        "A_MCBTRIP.ActiveAlarmState": "true",
        "A_MCBTRIP.BooleanAlarm.TimeDeadband": "0000 00:00:00.0000000",
        "A_MCBTRIP.Category": "Discrete",
        "A_MCBTRIP.DescAttrName": "me.A_MCBTRIP.Desc",
        "A_MCBTRIP.AlarmShelveCmd": "Duration=0; Reason=\"\";",
        "A_COMMS.ActiveAlarmState": "true",
        "A_COMMS.BooleanAlarm.TimeDeadband": "0000 00:00:00.0000000",
        "A_COMMS.Category": "Discrete",
        "A_COMMS.DescAttrName": "me.A_COMMS.Desc",
        "A_COMMS.AlarmShelveCmd": "Duration=0; Reason=\"\";",
        "A_FTSTART.Acked.OutputDest": "---",
        "A_FTSTART.Acked.InvertValue": "false",
        "A_FTSTART.AlarmMode.OutputDest": "---",
        "A_ISO.Acked.OutputDest": "---",
        "A_ISO.Acked.InvertValue": "false",
        "A_ISO.AlarmMode.OutputDest": "---",
        "A_MCBOPND.Acked.OutputDest": "---",
        "A_MCBOPND.Acked.InvertValue": "false",
        "A_MCBOPND.AlarmMode.OutputDest": "---",
        "A_SFTY.Acked.OutputDest": "---",
        "A_SFTY.Acked.OutputEveryScan": "false",
        "A_SFTY.Acked.InvertValue": "false",
        "A_SFTY.AlarmMode.OutputDest": "---",
        "A_SFTY.AlarmMode.OutputEveryScan": "false",
        "A_FTSTOP.Acked.OutputDest": "---",
        "A_FTSTOP.Acked.OutputEveryScan": "false",
        "A_FTSTOP.Acked.InvertValue": "false",
        "A_FTSTOP.AlarmMode.OutputDest": "---",
        "A_FTSTOP.AlarmMode.OutputEveryScan": "false",
        "A_MCBTRIP.AlarmMode.OutputDest": "---",
        "A_MCBTRIP.AlarmMode.OutputEveryScan": "false",
        "A_VSD.AlarmMode.OutputDest": "---",
        "A_VSD.AlarmMode.OutputEveryScan": "false",
        "A_MCBTRIP.Acked.OutputDest": "---",
        "A_MCBTRIP.Acked.OutputEveryScan": "false",
        "A_MCBTRIP.Acked.InvertValue": "false",
        "A_VSD.Acked.OutputDest": "---",
        "A_VSD.Acked.OutputEveryScan": "false",
        "A_VSD.Acked.InvertValue": "false",
        "A_COMMS.Acked.OutputDest": "---",
        "A_COMMS.Acked.OutputEveryScan": "false",
        "A_COMMS.Acked.InvertValue": "false",
        "A_COMMS.AlarmMode.OutputDest": "---",
        "A_COMMS.AlarmMode.OutputEveryScan": "false"
    }
}