{
    "JH_PIDLoop": {
        ":Tagname": "QC10151MOT040_PIDE01",
        "Area": "Sludge_Roller_Screen_1",
        "SecurityGroup": "Default",
        "Container": "",
        "ContainedName": "",
        "FriendlyName": "",
        "ShortDesc": "Sludge Thickener PID Loop.",
        "ExecutionRelativeOrder": "None",
        "ExecutionRelatedObject": "",
        "UDAs": "<UDAInfo></UDAInfo>",
        "Extensions": "<ExtensionInfo><ObjectExtension/><AttributeExtension/></ExtensionInfo>",
        "CmdData": "<CmdData><BooleanLabel></BooleanLabel></CmdData>",
        "debug": "false",
        "InitDone_ABCLX": "false",
        "InitDone_Manual": "false",
        "ManualIO_Object": "false",
        "cfgEUString": "%",
        "cfgPrecision": "1",
        "cfgSource": "CPKMFGHST01",
        "cfgSPEUString": "L/s",
        "cfgSPPrecision": "1",
        "minAccessLevel": "SecLvlEng",
        "UserAttrData": "<AttrXML/>",
        "SP": "0.0",
        "SPProg": "0.0",
        "PVEUMax": "0.0",
        "PVEUMin": "0.0",
        "CVEU": "0.0",
        "CVEUMAX": "0.0",
        "CVEUMIN": "0.0",
        "PV": "0.0",
        "DGain": "0.0",
        "IGain": "0.0",
        "PGain": "0.0",
        "OperOperReq": "false",
        "OperProgReq": "false",
        "CVOper": "0.0",
        "ProgOper": "false",
        "script.IOSetRef_ABCLX.AliasReferences": "No Data",
        "script.IOSetRef_ABCLX.Aliases": "No Data",
        "script.IOSetRef_ABCLX.DeclarationsText": "",
        "script.OnScan.AliasReferences": "No Data",
        "script.OnScan.Aliases": "No Data",
        "script.OnScan.TriggerType": "WhileTrue",
        "script.OnScan.Expression": "",
        "script.OnScan.DataChangeDeadband": "0.0",
        "script.OnScan.DeclarationsText": "",
        "script.OnScan.ExecutionError.Alarmed": "false",
        "script.OnScan.TriggerPeriod": "0000 00:00:00.0000000",
        "script.OnScan.RunsAsync": "false",
        "script.OnScan.State.Historized": "false",
        "script.OnScan.ExecuteTimeout.Limit": "0",
        "script.OnScan.TriggerOnQualityChange": "false",
        "script.GenericSetup.ExecuteText": "'Runs after IOSetRef_ABCLX if enabled \\n \\ndim timerStart as System.datetime; \\ntimerStart = Now();\t \\n \\nif Me.script.GenericSetup.ExecutionCnt >= 2 THEN; \\n \\n\tLogMessage(\"CM Manual Script V2.0.0.0 - \" + Me.HierarchicalName + \" - Start\"); \\n \\n\t' Perform manual setup tasks here \\n\t' Eg. Manually set Alarm Priority \\n \\n\t' Manually Map IO \\n'\tMe.A_TXF.Acked.OutputDest = Me.HierarchicalName + \".A_TXF_Acked\";  \\n'\tMe.A_TXF.AlarmMode.OutputDest = Me.HierarchicalName + \".A_TXF_AlarmMode\";  \\n'\tMe.A_PVHH.Acked.OutputDest = Me.HierarchicalName + \".A_PVHH_Acked\";  \\n'\tMe.A_PVHH.AlarmMode.OutputDest = Me.HierarchicalName + \".A_PVHH_AlarmMode\";  \\n'\tMe.A_PVH.Acked.OutputDest = Me.HierarchicalName + \".A_PVH_Acked\";  \\n'\tMe.A_PVH.AlarmMode.OutputDest = Me.HierarchicalName + \".A_PVH_AlarmMode\";  \\n'\tMe.A_PVL.Acked.OutputDest = Me.HierarchicalName + \".A_PVL_Acked\";  \\n'\tMe.A_PVL.AlarmMode.OutputDest = Me.HierarchicalName + \".A_PVL_AlarmMode\";  \\n'\tMe.A_PVLL.Acked.OutputDest = Me.HierarchicalName + \".A_PVLL_Acked\";  \\n'\tMe.A_PVLL.AlarmMode.OutputDest = Me.HierarchicalName + \".A_PVLL_AlarmMode\";  \\n \\n\tMe.InitDone_Manual = true; \\n\tLogMessage(\"CM Manual Script V2.0.0.0 - \" + Me.HierarchicalName + \" - Finish - \" + Now().Subtract(timerStart)); \\n \\nendif;",
        "script.GenericSetup.AliasReferences": "No Data",
        "script.GenericSetup.Aliases": "No Data",
        "script.GenericSetup.TriggerType": "WhileTrue",
        "script.GenericSetup.Expression": "NOT me.InitDone_Manual AND Me.ManualIO_Object AND NOT (me.ABCLX_Object AND NOT me.InitDone_ABCLX)",
        "script.GenericSetup.DataChangeDeadband": "0.0",
        "script.GenericSetup.DeclarationsText": "",
        "script.GenericSetup.StartupText": "",
        "script.GenericSetup.ShutdownText": "",
        "script.GenericSetup.OnScanText": "",
        "script.GenericSetup.OffScanText": "",
        "script.GenericSetup.ExecutionError.Alarmed": "false",
        "script.GenericSetup.TriggerPeriod": "0000 00:00:00.0000000",
        "script.GenericSetup.RunsAsync": "false",
        "script.GenericSetup.State.Historized": "false",
        "script.GenericSetup.ExecuteTimeout.Limit": "0",
        "script.GenericSetup.TriggerOnQualityChange": "false",
        "SP.EngUnits": "",
        "SP.LevelAlarmed": "false",
        "SP.ROCAlarmed": "false",
        "SP.DeviationAlarmed": "false",
        "SP.Bad.Alarmed": "false",
        "SP.LogDataChangeEvent": "false",
        "SP.HasStatistics": "false",
        "SP.Scaled": "false",
        "SP.Output.DiffAddr": "false",
        "SP.Deadband": "0.0",
        "SP.Desc": "Status Set Point",
        "SP.Input.DataType": "MxFloat",
        "SP.Input.InputSource": "---",
        "SPProg.EngUnits": "",
        "SPProg.LevelAlarmed": "false",
        "SPProg.ROCAlarmed": "false",
        "SPProg.DeviationAlarmed": "false",
        "SPProg.Bad.Alarmed": "false",
        "SPProg.LogDataChangeEvent": "false",
        "SPProg.HasStatistics": "false",
        "SPProg.Scaled": "false",
        "SPProg.Historized": "false",
        "SPProg.Output.DiffAddr": "false",
        "SPProg.Deadband": "0.0",
        "SPProg.Desc": "Control Set Point",
        "SPProg.Input.DataType": "MxFloat",
        "SPProg.Input.InputSource": "---",
        "SPProg.Output.DataType": "MxFloat",
        "SPProg.Output.OutputDest": "---",
        "PVEUMax.EngUnits": "",
        "PVEUMax.LevelAlarmed": "false",
        "PVEUMax.ROCAlarmed": "false",
        "PVEUMax.DeviationAlarmed": "false",
        "PVEUMax.Bad.Alarmed": "false",
        "PVEUMax.LogDataChangeEvent": "false",
        "PVEUMax.HasStatistics": "false",
        "PVEUMax.Scaled": "false",
        "PVEUMax.Historized": "false",
        "PVEUMax.Output.DiffAddr": "false",
        "PVEUMax.Deadband": "0.0",
        "PVEUMax.Desc": "",
        "PVEUMax.Input.DataType": "MxFloat",
        "PVEUMax.Input.InputSource": "---",
        "PVEUMin.EngUnits": "",
        "PVEUMin.LevelAlarmed": "false",
        "PVEUMin.ROCAlarmed": "false",
        "PVEUMin.DeviationAlarmed": "false",
        "PVEUMin.Bad.Alarmed": "false",
        "PVEUMin.LogDataChangeEvent": "false",
        "PVEUMin.HasStatistics": "false",
        "PVEUMin.Scaled": "false",
        "PVEUMin.Historized": "false",
        "PVEUMin.Output.DiffAddr": "false",
        "PVEUMin.Deadband": "0.0",
        "PVEUMin.Desc": "",
        "PVEUMin.Input.DataType": "MxFloat",
        "PVEUMin.Input.InputSource": "---",
        "CVEU.EngUnits": "",
        "CVEU.LevelAlarmed": "false",
        "CVEU.ROCAlarmed": "false",
        "CVEU.DeviationAlarmed": "false",
        "CVEU.Bad.Alarmed": "false",
        "CVEU.LogDataChangeEvent": "false",
        "CVEU.HasStatistics": "false",
        "CVEU.Scaled": "false",
        "CVEU.Output.DiffAddr": "false",
        "CVEU.Deadband": "0.0",
        "CVEU.Desc": "Status Control Variable",
        "CVEU.Input.DataType": "MxFloat",
        "CVEU.Input.InputSource": "---",
        "CVEUMAX.EngUnits": "",
        "CVEUMAX.LevelAlarmed": "false",
        "CVEUMAX.ROCAlarmed": "false",
        "CVEUMAX.DeviationAlarmed": "false",
        "CVEUMAX.Bad.Alarmed": "false",
        "CVEUMAX.LogDataChangeEvent": "false",
        "CVEUMAX.HasStatistics": "false",
        "CVEUMAX.Scaled": "false",
        "CVEUMAX.Historized": "false",
        "CVEUMAX.Output.DiffAddr": "false",
        "CVEUMAX.Deadband": "0.0",
        "CVEUMAX.Desc": "Control Engineering Units Maximum",
        "CVEUMAX.Input.DataType": "MxFloat",
        "CVEUMAX.Input.InputSource": "---",
        "CVEUMIN.EngUnits": "",
        "CVEUMIN.LevelAlarmed": "false",
        "CVEUMIN.ROCAlarmed": "false",
        "CVEUMIN.DeviationAlarmed": "false",
        "CVEUMIN.Bad.Alarmed": "false",
        "CVEUMIN.LogDataChangeEvent": "false",
        "CVEUMIN.HasStatistics": "false",
        "CVEUMIN.Scaled": "false",
        "CVEUMIN.Historized": "false",
        "CVEUMIN.Output.DiffAddr": "false",
        "CVEUMIN.Deadband": "0.0",
        "CVEUMIN.Desc": "Control Engineering Units Minimum",
        "CVEUMIN.Input.DataType": "MxFloat",
        "CVEUMIN.Input.InputSource": "---",
        "PV.EngUnits": "",
        "PV.LevelAlarmed": "false",
        "PV.ROCAlarmed": "false",
        "PV.DeviationAlarmed": "false",
        "PV.Bad.Alarmed": "false",
        "PV.LogDataChangeEvent": "false",
        "PV.HasStatistics": "false",
        "PV.Scaled": "false",
        "PV.Output.DiffAddr": "false",
        "PV.Deadband": "0.0",
        "PV.Desc": "Status Process Variable",
        "PV.Input.DataType": "MxFloat",
        "PV.Input.InputSource": "---",
        "DGain.EngUnits": "",
        "DGain.LevelAlarmed": "false",
        "DGain.ROCAlarmed": "false",
        "DGain.DeviationAlarmed": "false",
        "DGain.Bad.Alarmed": "false",
        "DGain.LogDataChangeEvent": "false",
        "DGain.HasStatistics": "false",
        "DGain.Scaled": "false",
        "DGain.Historized": "false",
        "DGain.Output.DiffAddr": "false",
        "DGain.Deadband": "0.0",
        "DGain.Desc": "",
        "DGain.Input.DataType": "MxFloat",
        "DGain.Input.InputSource": "---",
        "DGain.Output.DataType": "MxFloat",
        "DGain.Output.OutputDest": "---",
        "IGain.EngUnits": "",
        "IGain.LevelAlarmed": "false",
        "IGain.ROCAlarmed": "false",
        "IGain.DeviationAlarmed": "false",
        "IGain.Bad.Alarmed": "false",
        "IGain.LogDataChangeEvent": "false",
        "IGain.HasStatistics": "false",
        "IGain.Scaled": "false",
        "IGain.Historized": "false",
        "IGain.Output.DiffAddr": "false",
        "IGain.Deadband": "0.0",
        "IGain.Desc": "",
        "IGain.Input.DataType": "MxFloat",
        "IGain.Input.InputSource": "---",
        "IGain.Output.DataType": "MxFloat",
        "IGain.Output.OutputDest": "---",
        "PGain.EngUnits": "",
        "PGain.LevelAlarmed": "false",
        "PGain.ROCAlarmed": "false",
        "PGain.DeviationAlarmed": "false",
        "PGain.Bad.Alarmed": "false",
        "PGain.LogDataChangeEvent": "false",
        "PGain.HasStatistics": "false",
        "PGain.Scaled": "false",
        "PGain.Historized": "false",
        "PGain.Output.DiffAddr": "false",
        "PGain.Deadband": "0.0",
        "PGain.Desc": "",
        "PGain.Input.DataType": "MxFloat",
        "PGain.Input.InputSource": "---",
        "PGain.Output.DataType": "MxFloat",
        "PGain.Output.OutputDest": "---",
        "OperOperReq.Alarmed": "false",
        "OperOperReq.HasStatistics": "false",
        "OperOperReq.Historized": "false",
        "OperOperReq.LogDataChangeEvent": "false",
        "OperOperReq.UseOffOnMsg": "false",
        "OperOperReq.OnMsg": "True",
        "OperOperReq.OffMsg": "False",
        "OperOperReq.InvertValue": "false",
        "OperOperReq.Bad.Alarmed": "false",
        "OperOperReq.Output.DiffAddr": "false",
        "OperOperReq.Desc": "Control Loop to Auto Mode",
        "OperOperReq.Input.DataType": "MxBoolean",
        "OperOperReq.Input.InputSource": "---",
        "OperOperReq.Output.DataType": "MxBoolean",
        "OperOperReq.Output.OutputDest": "---",
        "OperProgReq.Alarmed": "false",
        "OperProgReq.HasStatistics": "false",
        "OperProgReq.Historized": "false",
        "OperProgReq.LogDataChangeEvent": "false",
        "OperProgReq.UseOffOnMsg": "false",
        "OperProgReq.OnMsg": "True",
        "OperProgReq.OffMsg": "False",
        "OperProgReq.InvertValue": "false",
        "OperProgReq.Bad.Alarmed": "false",
        "OperProgReq.Output.DiffAddr": "false",
        "OperProgReq.Desc": "",
        "OperProgReq.Input.DataType": "MxBoolean",
        "OperProgReq.Input.InputSource": "---",
        "OperProgReq.Output.DataType": "MxBoolean",
        "OperProgReq.Output.OutputDest": "---",
        "CVOper.EngUnits": "",
        "CVOper.LevelAlarmed": "false",
        "CVOper.ROCAlarmed": "false",
        "CVOper.DeviationAlarmed": "false",
        "CVOper.Bad.Alarmed": "false",
        "CVOper.LogDataChangeEvent": "false",
        "CVOper.HasStatistics": "false",
        "CVOper.Scaled": "false",
        "CVOper.Historized": "false",
        "CVOper.Output.DiffAddr": "false",
        "CVOper.Deadband": "0.0",
        "CVOper.Desc": "",
        "CVOper.Input.DataType": "MxFloat",
        "CVOper.Input.InputSource": "---",
        "CVOper.Output.DataType": "MxFloat",
        "CVOper.Output.OutputDest": "---",
        "ProgOper.Alarmed": "false",
        "ProgOper.HasStatistics": "false",
        "ProgOper.Historized": "false",
        "ProgOper.LogDataChangeEvent": "false",
        "ProgOper.UseOffOnMsg": "false",
        "ProgOper.OnMsg": "True",
        "ProgOper.OffMsg": "False",
        "ProgOper.InvertValue": "false",
        "ProgOper.Bad.Alarmed": "false",
        "ProgOper.Output.DiffAddr": "false",
        "ProgOper.Desc": "Status Loop in Auto",
        "ProgOper.Input.DataType": "MxBoolean",
        "ProgOper.Input.InputSource": "---",
        "CVEU.ValueDeadBand": "0.0",
        "CVEU.ForceStoragePeriod": "0",
        "CVEU.TrendHi": "100.0",
        "CVEU.TrendLo": "0.0",
        "CVEU.Description": "",
        "CVEU.InterpolationType": "SystemDefault",
        "CVEU.RolloverValue": "0.0",
        "CVEU.SampleCount": "0",
        "CVEU.EnableSwingingDoor": "false",
        "CVEU.RateDeadBand": "0.0",
        "PV.ValueDeadBand": "0.0",
        "PV.ForceStoragePeriod": "0",
        "PV.TrendHi": "100.0",
        "PV.TrendLo": "0.0",
        "PV.Description": "",
        "PV.InterpolationType": "SystemDefault",
        "PV.RolloverValue": "0.0",
        "PV.SampleCount": "0",
        "PV.EnableSwingingDoor": "false",
        "PV.RateDeadBand": "0.0",
        "SP.ValueDeadBand": "0.0",
        "SP.ForceStoragePeriod": "0",
        "SP.TrendHi": "10.0",
        "SP.TrendLo": "0.0",
        "SP.Description": "",
        "SP.InterpolationType": "SystemDefault",
        "SP.RolloverValue": "0.0",
        "SP.SampleCount": "0",
        "SP.EnableSwingingDoor": "false",
        "SP.RateDeadBand": "0.0"
    }
}