{
    "JH_ParameterDInt.JH_ParameterFloat": {
        ":Tagname": "RLLR1_QC10151LT030_SP_START",
        "Area": "Sludge_Roller_Screen_1",
        "SecurityGroup": "Default",
        "Container": "",
        "ContainedName": "",
        "FriendlyName": "",
        "ShortDesc": "",
        "ExecutionRelativeOrder": "None",
        "ExecutionRelatedObject": "",
        "UDAs": "<UDAInfo></UDAInfo>",
        "Extensions": "<ExtensionInfo><ObjectExtension/><AttributeExtension/></ExtensionInfo>",
        "CmdData": "<CmdData><BooleanLabel></BooleanLabel></CmdData>",
        "ABCLX_Object": "true",
        "debug": "false",
        "InitDone_ABCLX": "false",
        "InitDone_Manual": "false",
        "ManualIO_Object": "false",
        "ManualIOMappingTags": ",,,,,,,,,,,,,,,,,,,,,,,,,,,,,,,",
        "cfgEUString": "%",
        "cfgPrecision": "0",
        "minAccessLevel": "SecLvlOper",
        "UserAttrData": "<AttrXML/>",
        "C_ASP": "0.0",
        "S_PV": "0.0",
        "S_SP": "0.0",
        "C_SPH": "0.0",
        "C_SPL": "0.0",
        "script.IOSetRef_ABCLX.AliasReferences": "No Data",
        "script.IOSetRef_ABCLX.Aliases": "No Data",
        "script.IOSetRef_ABCLX.DeclarationsText": "",
        "script.OnScan.AliasReferences": "No Data",
        "script.OnScan.Aliases": "No Data",
        "script.OnScan.TriggerType": "WhileTrue",
        "script.OnScan.Expression": "",
        "script.OnScan.DataChangeDeadband": "0.0",
        "script.OnScan.DeclarationsText": "",
        "script.OnScan.ExecutionError.Alarmed": "false",
        "script.OnScan.TriggerPeriod": "0000 00:00:00.0000000",
        "script.OnScan.RunsAsync": "false",
        "script.OnScan.State.Historized": "false",
        "script.OnScan.ExecuteTimeout.Limit": "0",
        "script.OnScan.TriggerOnQualityChange": "false",
        "script.GenericSetup.ExecuteText": "'Runs after IOSetRef_ABCLX if enabled \\n \\ndim timerStart as System.datetime; \\ntimerStart = Now();\t \\n \\nif Me.script.GenericSetup.ExecutionCnt >= 2 THEN; \\n \\n\tLogMessage(\"CM Manual Script V2.0.0.0 - \" + Me.HierarchicalName + \" - Start\"); \\n \\n\t' Perform manual setup tasks here \\n\t' Eg. Manually set Alarm Priority \\n \\n\t' Manually Map IO \\n\t' Eg. Me.ObjectFieldAttribute.Input.InputSource = MyArea.PLCTopic + \".\" + Me.HierarchicalName + \".PLCTag\";  \\n\t' Eg. Me.ObjectFieldAttribute.Output.OutputDest = MyArea.PLCTopic + \".\" + Me.HierarchicalName + \".PLCTag\"; \\n\t' Eg. Me.ObjectUDA.InputSource = MyArea.PLCTopic + \".\" + Me.HierarchicalName + \".PLCTag\";  \\n\t' Eg. Me.ObjectUDA.OutputDest = MyArea.PLCTopic + \".\" + Me.HierarchicalName + \".PLCTag\";   \\n \\n\tMe.InitDone_Manual = true; \\n\tLogMessage(\"CM Manual Script V2.0.0.0 - \" + Me.HierarchicalName + \" - Finish - \" + Now().Subtract(timerStart)); \\n \\nendif;",
        "script.GenericSetup.AliasReferences": "No Data",
        "script.GenericSetup.Aliases": "No Data",
        "script.GenericSetup.TriggerType": "WhileTrue",
        "script.GenericSetup.Expression": "NOT me.InitDone_Manual AND Me.ManualIO_Object AND NOT (me.ABCLX_Object AND NOT me.InitDone_ABCLX)",
        "script.GenericSetup.DataChangeDeadband": "0.0",
        "script.GenericSetup.DeclarationsText": "",
        "script.GenericSetup.StartupText": "",
        "script.GenericSetup.ShutdownText": "",
        "script.GenericSetup.OnScanText": "",
        "script.GenericSetup.OffScanText": "",
        "script.GenericSetup.ExecutionError.Alarmed": "false",
        "script.GenericSetup.TriggerPeriod": "0000 00:00:00.0000000",
        "script.GenericSetup.RunsAsync": "false",
        "script.GenericSetup.State.Historized": "false",
        "script.GenericSetup.ExecuteTimeout.Limit": "0",
        "script.GenericSetup.TriggerOnQualityChange": "false",
        "C_ASP.EngUnits": "",
        "C_ASP.LevelAlarmed": "false",
        "C_ASP.ROCAlarmed": "false",
        "C_ASP.DeviationAlarmed": "false",
        "C_ASP.Bad.Alarmed": "false",
        "C_ASP.LogDataChangeEvent": "false",
        "C_ASP.HasStatistics": "false",
        "C_ASP.Scaled": "false",
        "C_ASP.Historized": "false",
        "C_ASP.Output.DiffAddr": "false",
        "C_ASP.Deadband": "0.0",
        "C_ASP.Desc": "Control Auto Set Point",
        "C_ASP.Input.DataType": "MxFloat",
        "C_ASP.Input.InputSource": "---",
        "C_ASP.Output.DataType": "MxFloat",
        "C_ASP.Output.OutputDest": "---",
        "S_PV.EngUnits": "",
        "S_PV.LevelAlarmed": "false",
        "S_PV.ROCAlarmed": "false",
        "S_PV.DeviationAlarmed": "false",
        "S_PV.Bad.Alarmed": "false",
        "S_PV.LogDataChangeEvent": "false",
        "S_PV.HasStatistics": "false",
        "S_PV.Scaled": "false",
        "S_PV.Output.DiffAddr": "false",
        "S_PV.Deadband": "0.0",
        "S_PV.Desc": "Status Process Variable",
        "S_PV.Input.DataType": "MxFloat",
        "S_PV.Input.InputSource": "---",
        "S_PV.Output.DataType": "MxFloat",
        "S_PV.Output.OutputDest": "---",
        "S_SP.EngUnits": "",
        "S_SP.LevelAlarmed": "false",
        "S_SP.ROCAlarmed": "false",
        "S_SP.DeviationAlarmed": "false",
        "S_SP.Bad.Alarmed": "false",
        "S_SP.LogDataChangeEvent": "false",
        "S_SP.HasStatistics": "false",
        "S_SP.Scaled": "false",
        "S_SP.Output.DiffAddr": "false",
        "S_SP.Deadband": "0.0",
        "S_SP.Desc": "Status Set Point",
        "S_SP.Input.DataType": "MxFloat",
        "S_SP.Input.InputSource": "---",
        "S_SP.Output.DataType": "MxFloat",
        "S_SP.Output.OutputDest": "---",
        "C_SPH.EngUnits": "",
        "C_SPH.LevelAlarmed": "false",
        "C_SPH.ROCAlarmed": "false",
        "C_SPH.DeviationAlarmed": "false",
        "C_SPH.Bad.Alarmed": "false",
        "C_SPH.LogDataChangeEvent": "false",
        "C_SPH.HasStatistics": "false",
        "C_SPH.Scaled": "false",
        "C_SPH.Historized": "false",
        "C_SPH.Output.DiffAddr": "false",
        "C_SPH.Deadband": "0.0",
        "C_SPH.Desc": "Control Set Point High",
        "C_SPH.Input.DataType": "MxFloat",
        "C_SPH.Input.InputSource": "---",
        "C_SPH.Output.DataType": "MxFloat",
        "C_SPH.Output.OutputDest": "---",
        "C_SPL.EngUnits": "",
        "C_SPL.LevelAlarmed": "false",
        "C_SPL.ROCAlarmed": "false",
        "C_SPL.DeviationAlarmed": "false",
        "C_SPL.Bad.Alarmed": "false",
        "C_SPL.LogDataChangeEvent": "false",
        "C_SPL.HasStatistics": "false",
        "C_SPL.Scaled": "false",
        "C_SPL.Historized": "false",
        "C_SPL.Output.DiffAddr": "false",
        "C_SPL.Deadband": "0.0",
        "C_SPL.Desc": "Control Set Point Low",
        "C_SPL.Input.DataType": "MxFloat",
        "C_SPL.Input.InputSource": "---",
        "C_SPL.Output.DataType": "MxFloat",
        "C_SPL.Output.OutputDest": "---",
        "S_PV.ValueDeadBand": "0.0",
        "S_PV.ForceStoragePeriod": "0",
        "S_PV.TrendHi": "100.0",
        "S_PV.TrendLo": "0.0",
        "S_PV.Description": "",
        "S_PV.InterpolationType": "SystemDefault",
        "S_PV.RolloverValue": "0.0",
        "S_PV.SampleCount": "0",
        "S_PV.EnableSwingingDoor": "false",
        "S_PV.RateDeadBand": "0.0",
        "S_SP.ValueDeadBand": "0.0",
        "S_SP.ForceStoragePeriod": "0",
        "S_SP.TrendHi": "100.0",
        "S_SP.TrendLo": "0.0",
        "S_SP.Description": "",
        "S_SP.InterpolationType": "SystemDefault",
        "S_SP.RolloverValue": "0.0",
        "S_SP.SampleCount": "0",
        "S_SP.EnableSwingingDoor": "false",
        "S_SP.RateDeadBand": "0.0"
    }
}