{
    "JH_PowerMonitor": {
        ":Tagname": "Sludge_PowerMonitor",
        "Area": "Sludge_Main",
        "SecurityGroup": "Default",
        "Container": "",
        "ContainedName": "",
        "FriendlyName": "",
        "ShortDesc": "",
        "ExecutionRelativeOrder": "None",
        "ExecutionRelatedObject": "",
        "UDAs": "<UDAInfo></UDAInfo>",
        "Extensions": "<ExtensionInfo><ObjectExtension/><AttributeExtension/></ExtensionInfo>",
        "CmdData": "<CmdData><BooleanLabel></BooleanLabel></CmdData>",
        "debug": "false",
        "InitDone_ABCLX": "false",
        "InitDone_Manual": "false",
        "ManualIOMappingTags": ",,,,,,,,,,,,,,,,,,,,,,,,,,,,,,,",
        "cfgTypeText": "",
        "UserAttrData": "<AttrXML/>",
        "Connection_Fault": "false",
        "Frequency": "0.0",
        "L1_Apparent_Power": "0.0",
        "L1_Current": "0.0",
        "L1_Real_Power": "0.0",
        "L2_Apparent_Power": "0.0",
        "L2_Current": "0.0",
        "L2_Real_Power": "0.0",
        "L3_Apparent_Power": "0.0",
        "L3_Current": "0.0",
        "L3_Real_Power": "0.0",
        "PowerFactor": "0.0",
        "Total_Apparent_Power": "0.0",
        "Total_Real_Power": "0.0",
        "Voltage_L1_L2": "0.0",
        "Voltage_L1_L3": "0.0",
        "Voltage_L2_L3": "0.0",
        "Voltage_V1": "0.0",
        "Voltage_V2": "0.0",
        "Voltage_V3": "0.0",
        "script.IOSetRef_ABCLX.AliasReferences": "No Data",
        "script.IOSetRef_ABCLX.Aliases": "No Data",
        "script.IOSetRef_ABCLX.DeclarationsText": "",
        "script.OnScan.AliasReferences": "No Data",
        "script.OnScan.Aliases": "No Data",
        "script.OnScan.TriggerType": "WhileTrue",
        "script.OnScan.Expression": "",
        "script.OnScan.DataChangeDeadband": "0.0",
        "script.OnScan.DeclarationsText": "",
        "script.OnScan.ExecutionError.Alarmed": "false",
        "script.OnScan.TriggerPeriod": "0000 00:00:00.0000000",
        "script.OnScan.RunsAsync": "false",
        "script.OnScan.State.Historized": "false",
        "script.OnScan.ExecuteTimeout.Limit": "0",
        "script.OnScan.TriggerOnQualityChange": "false",
        "script.GenericSetup.AliasReferences": "No Data",
        "script.GenericSetup.Aliases": "No Data",
        "script.GenericSetup.DeclarationsText": "",
        "Connection_Fault.HasStatistics": "false",
        "Connection_Fault.Historized": "false",
        "Connection_Fault.LogDataChangeEvent": "false",
        "Connection_Fault.UseOffOnMsg": "false",
        "Connection_Fault.OnMsg": "True",
        "Connection_Fault.OffMsg": "False",
        "Connection_Fault.InvertValue": "false",
        "Connection_Fault.Bad.Alarmed": "false",
        "Connection_Fault.Output.DiffAddr": "false",
        "Connection_Fault.Desc": "SM6 Power Monitor 500 : Connection Fault",
        "Connection_Fault.Input.DataType": "MxBoolean",
        "Connection_Fault.Input.InputSource": "---",
        "Frequency.EngUnits": "",
        "Frequency.LevelAlarmed": "false",
        "Frequency.ROCAlarmed": "false",
        "Frequency.DeviationAlarmed": "false",
        "Frequency.Bad.Alarmed": "false",
        "Frequency.LogDataChangeEvent": "false",
        "Frequency.HasStatistics": "false",
        "Frequency.Scaled": "false",
        "Frequency.Historized": "false",
        "Frequency.Output.DiffAddr": "false",
        "Frequency.Deadband": "0.0",
        "Frequency.Desc": "",
        "Frequency.Input.DataType": "MxFloat",
        "Frequency.Input.InputSource": "---",
        "L1_Apparent_Power.EngUnits": "",
        "L1_Apparent_Power.LevelAlarmed": "false",
        "L1_Apparent_Power.ROCAlarmed": "false",
        "L1_Apparent_Power.DeviationAlarmed": "false",
        "L1_Apparent_Power.Bad.Alarmed": "false",
        "L1_Apparent_Power.LogDataChangeEvent": "false",
        "L1_Apparent_Power.HasStatistics": "false",
        "L1_Apparent_Power.Scaled": "false",
        "L1_Apparent_Power.Historized": "false",
        "L1_Apparent_Power.Output.DiffAddr": "false",
        "L1_Apparent_Power.Deadband": "0.0",
        "L1_Apparent_Power.Desc": "",
        "L1_Apparent_Power.Input.DataType": "MxFloat",
        "L1_Apparent_Power.Input.InputSource": "---",
        "L1_Current.EngUnits": "",
        "L1_Current.LevelAlarmed": "false",
        "L1_Current.ROCAlarmed": "false",
        "L1_Current.DeviationAlarmed": "false",
        "L1_Current.Bad.Alarmed": "false",
        "L1_Current.LogDataChangeEvent": "false",
        "L1_Current.HasStatistics": "false",
        "L1_Current.Scaled": "false",
        "L1_Current.Output.DiffAddr": "false",
        "L1_Current.Deadband": "0.0",
        "L1_Current.Desc": "",
        "L1_Current.Input.DataType": "MxFloat",
        "L1_Current.Input.InputSource": "---",
        "L1_Real_Power.EngUnits": "",
        "L1_Real_Power.LevelAlarmed": "false",
        "L1_Real_Power.ROCAlarmed": "false",
        "L1_Real_Power.DeviationAlarmed": "false",
        "L1_Real_Power.Bad.Alarmed": "false",
        "L1_Real_Power.LogDataChangeEvent": "false",
        "L1_Real_Power.HasStatistics": "false",
        "L1_Real_Power.Scaled": "false",
        "L1_Real_Power.Historized": "false",
        "L1_Real_Power.Output.DiffAddr": "false",
        "L1_Real_Power.Deadband": "0.0",
        "L1_Real_Power.Desc": "",
        "L1_Real_Power.Input.DataType": "MxFloat",
        "L1_Real_Power.Input.InputSource": "---",
        "L2_Apparent_Power.EngUnits": "",
        "L2_Apparent_Power.LevelAlarmed": "false",
        "L2_Apparent_Power.ROCAlarmed": "false",
        "L2_Apparent_Power.DeviationAlarmed": "false",
        "L2_Apparent_Power.Bad.Alarmed": "false",
        "L2_Apparent_Power.LogDataChangeEvent": "false",
        "L2_Apparent_Power.HasStatistics": "false",
        "L2_Apparent_Power.Scaled": "false",
        "L2_Apparent_Power.Historized": "false",
        "L2_Apparent_Power.Output.DiffAddr": "false",
        "L2_Apparent_Power.Deadband": "0.0",
        "L2_Apparent_Power.Desc": "",
        "L2_Apparent_Power.Input.DataType": "MxFloat",
        "L2_Apparent_Power.Input.InputSource": "---",
        "L2_Current.EngUnits": "",
        "L2_Current.LevelAlarmed": "false",
        "L2_Current.ROCAlarmed": "false",
        "L2_Current.DeviationAlarmed": "false",
        "L2_Current.Bad.Alarmed": "false",
        "L2_Current.LogDataChangeEvent": "false",
        "L2_Current.HasStatistics": "false",
        "L2_Current.Scaled": "false",
        "L2_Current.Output.DiffAddr": "false",
        "L2_Current.Deadband": "0.0",
        "L2_Current.Desc": "",
        "L2_Current.Input.DataType": "MxFloat",
        "L2_Current.Input.InputSource": "---",
        "L2_Real_Power.EngUnits": "",
        "L2_Real_Power.LevelAlarmed": "false",
        "L2_Real_Power.ROCAlarmed": "false",
        "L2_Real_Power.DeviationAlarmed": "false",
        "L2_Real_Power.Bad.Alarmed": "false",
        "L2_Real_Power.LogDataChangeEvent": "false",
        "L2_Real_Power.HasStatistics": "false",
        "L2_Real_Power.Scaled": "false",
        "L2_Real_Power.Historized": "false",
        "L2_Real_Power.Output.DiffAddr": "false",
        "L2_Real_Power.Deadband": "0.0",
        "L2_Real_Power.Desc": "",
        "L2_Real_Power.Input.DataType": "MxFloat",
        "L2_Real_Power.Input.InputSource": "---",
        "L3_Apparent_Power.EngUnits": "",
        "L3_Apparent_Power.LevelAlarmed": "false",
        "L3_Apparent_Power.ROCAlarmed": "false",
        "L3_Apparent_Power.DeviationAlarmed": "false",
        "L3_Apparent_Power.Bad.Alarmed": "false",
        "L3_Apparent_Power.LogDataChangeEvent": "false",
        "L3_Apparent_Power.HasStatistics": "false",
        "L3_Apparent_Power.Scaled": "false",
        "L3_Apparent_Power.Historized": "false",
        "L3_Apparent_Power.Output.DiffAddr": "false",
        "L3_Apparent_Power.Deadband": "0.0",
        "L3_Apparent_Power.Desc": "",
        "L3_Apparent_Power.Input.DataType": "MxFloat",
        "L3_Apparent_Power.Input.InputSource": "---",
        "L3_Current.EngUnits": "",
        "L3_Current.LevelAlarmed": "false",
        "L3_Current.ROCAlarmed": "false",
        "L3_Current.DeviationAlarmed": "false",
        "L3_Current.Bad.Alarmed": "false",
        "L3_Current.LogDataChangeEvent": "false",
        "L3_Current.HasStatistics": "false",
        "L3_Current.Scaled": "false",
        "L3_Current.Output.DiffAddr": "false",
        "L3_Current.Deadband": "0.0",
        "L3_Current.Desc": "",
        "L3_Current.Input.DataType": "MxFloat",
        "L3_Current.Input.InputSource": "---",
        "L3_Real_Power.EngUnits": "",
        "L3_Real_Power.LevelAlarmed": "false",
        "L3_Real_Power.ROCAlarmed": "false",
        "L3_Real_Power.DeviationAlarmed": "false",
        "L3_Real_Power.Bad.Alarmed": "false",
        "L3_Real_Power.LogDataChangeEvent": "false",
        "L3_Real_Power.HasStatistics": "false",
        "L3_Real_Power.Scaled": "false",
        "L3_Real_Power.Historized": "false",
        "L3_Real_Power.Output.DiffAddr": "false",
        "L3_Real_Power.Deadband": "0.0",
        "L3_Real_Power.Desc": "",
        "L3_Real_Power.Input.DataType": "MxFloat",
        "L3_Real_Power.Input.InputSource": "---",
        "PowerFactor.EngUnits": "",
        "PowerFactor.LevelAlarmed": "false",
        "PowerFactor.ROCAlarmed": "false",
        "PowerFactor.DeviationAlarmed": "false",
        "PowerFactor.Bad.Alarmed": "false",
        "PowerFactor.LogDataChangeEvent": "false",
        "PowerFactor.HasStatistics": "false",
        "PowerFactor.Scaled": "false",
        "PowerFactor.Historized": "false",
        "PowerFactor.Output.DiffAddr": "false",
        "PowerFactor.Deadband": "0.0",
        "PowerFactor.Desc": "",
        "PowerFactor.Input.DataType": "MxFloat",
        "PowerFactor.Input.InputSource": "---",
        "Total_Apparent_Power.EngUnits": "",
        "Total_Apparent_Power.LevelAlarmed": "false",
        "Total_Apparent_Power.ROCAlarmed": "false",
        "Total_Apparent_Power.DeviationAlarmed": "false",
        "Total_Apparent_Power.Bad.Alarmed": "false",
        "Total_Apparent_Power.LogDataChangeEvent": "false",
        "Total_Apparent_Power.HasStatistics": "false",
        "Total_Apparent_Power.Scaled": "false",
        "Total_Apparent_Power.Output.DiffAddr": "false",
        "Total_Apparent_Power.Deadband": "0.0",
        "Total_Apparent_Power.Desc": "",
        "Total_Apparent_Power.Input.DataType": "MxFloat",
        "Total_Apparent_Power.Input.InputSource": "---",
        "Total_Real_Power.EngUnits": "",
        "Total_Real_Power.LevelAlarmed": "false",
        "Total_Real_Power.ROCAlarmed": "false",
        "Total_Real_Power.DeviationAlarmed": "false",
        "Total_Real_Power.Bad.Alarmed": "false",
        "Total_Real_Power.LogDataChangeEvent": "false",
        "Total_Real_Power.HasStatistics": "false",
        "Total_Real_Power.Scaled": "false",
        "Total_Real_Power.Output.DiffAddr": "false",
        "Total_Real_Power.Deadband": "0.0",
        "Total_Real_Power.Desc": "",
        "Total_Real_Power.Input.DataType": "MxFloat",
        "Total_Real_Power.Input.InputSource": "---",
        "Voltage_L1_L2.EngUnits": "",
        "Voltage_L1_L2.LevelAlarmed": "false",
        "Voltage_L1_L2.ROCAlarmed": "false",
        "Voltage_L1_L2.DeviationAlarmed": "false",
        "Voltage_L1_L2.Bad.Alarmed": "false",
        "Voltage_L1_L2.LogDataChangeEvent": "false",
        "Voltage_L1_L2.HasStatistics": "false",
        "Voltage_L1_L2.Scaled": "false",
        "Voltage_L1_L2.Historized": "false",
        "Voltage_L1_L2.Output.DiffAddr": "false",
        "Voltage_L1_L2.Deadband": "0.0",
        "Voltage_L1_L2.Desc": "",
        "Voltage_L1_L2.Input.DataType": "MxFloat",
        "Voltage_L1_L2.Input.InputSource": "---",
        "Voltage_L1_L3.EngUnits": "",
        "Voltage_L1_L3.LevelAlarmed": "false",
        "Voltage_L1_L3.ROCAlarmed": "false",
        "Voltage_L1_L3.DeviationAlarmed": "false",
        "Voltage_L1_L3.Bad.Alarmed": "false",
        "Voltage_L1_L3.LogDataChangeEvent": "false",
        "Voltage_L1_L3.HasStatistics": "false",
        "Voltage_L1_L3.Scaled": "false",
        "Voltage_L1_L3.Historized": "false",
        "Voltage_L1_L3.Output.DiffAddr": "false",
        "Voltage_L1_L3.Deadband": "0.0",
        "Voltage_L1_L3.Desc": "",
        "Voltage_L1_L3.Input.DataType": "MxFloat",
        "Voltage_L1_L3.Input.InputSource": "---",
        "Voltage_L2_L3.EngUnits": "",
        "Voltage_L2_L3.LevelAlarmed": "false",
        "Voltage_L2_L3.ROCAlarmed": "false",
        "Voltage_L2_L3.DeviationAlarmed": "false",
        "Voltage_L2_L3.Bad.Alarmed": "false",
        "Voltage_L2_L3.LogDataChangeEvent": "false",
        "Voltage_L2_L3.HasStatistics": "false",
        "Voltage_L2_L3.Scaled": "false",
        "Voltage_L2_L3.Historized": "false",
        "Voltage_L2_L3.Output.DiffAddr": "false",
        "Voltage_L2_L3.Deadband": "0.0",
        "Voltage_L2_L3.Desc": "",
        "Voltage_L2_L3.Input.DataType": "MxFloat",
        "Voltage_L2_L3.Input.InputSource": "---",
        "Voltage_V1.EngUnits": "",
        "Voltage_V1.LevelAlarmed": "false",
        "Voltage_V1.ROCAlarmed": "false",
        "Voltage_V1.DeviationAlarmed": "false",
        "Voltage_V1.Bad.Alarmed": "false",
        "Voltage_V1.LogDataChangeEvent": "false",
        "Voltage_V1.HasStatistics": "false",
        "Voltage_V1.Scaled": "false",
        "Voltage_V1.Historized": "false",
        "Voltage_V1.Output.DiffAddr": "false",
        "Voltage_V1.Deadband": "0.0",
        "Voltage_V1.Desc": "",
        "Voltage_V1.Input.DataType": "MxFloat",
        "Voltage_V1.Input.InputSource": "---",
        "Voltage_V2.EngUnits": "",
        "Voltage_V2.LevelAlarmed": "false",
        "Voltage_V2.ROCAlarmed": "false",
        "Voltage_V2.DeviationAlarmed": "false",
        "Voltage_V2.Bad.Alarmed": "false",
        "Voltage_V2.LogDataChangeEvent": "false",
        "Voltage_V2.HasStatistics": "false",
        "Voltage_V2.Scaled": "false",
        "Voltage_V2.Historized": "false",
        "Voltage_V2.Output.DiffAddr": "false",
        "Voltage_V2.Deadband": "0.0",
        "Voltage_V2.Desc": "",
        "Voltage_V2.Input.DataType": "MxFloat",
        "Voltage_V2.Input.InputSource": "---",
        "Voltage_V3.EngUnits": "",
        "Voltage_V3.LevelAlarmed": "false",
        "Voltage_V3.ROCAlarmed": "false",
        "Voltage_V3.DeviationAlarmed": "false",
        "Voltage_V3.Bad.Alarmed": "false",
        "Voltage_V3.LogDataChangeEvent": "false",
        "Voltage_V3.HasStatistics": "false",
        "Voltage_V3.Scaled": "false",
        "Voltage_V3.Historized": "false",
        "Voltage_V3.Output.DiffAddr": "false",
        "Voltage_V3.Deadband": "0.0",
        "Voltage_V3.Desc": "",
        "Voltage_V3.Input.DataType": "MxFloat",
        "Voltage_V3.Input.InputSource": "---",
        "Connection_Fault.ActiveAlarmState": "true",
        "Connection_Fault.BooleanAlarm.TimeDeadband": "0000 00:00:00.0000000",
        "Connection_Fault.Priority": "500",
        "Connection_Fault.Category": "Discrete",
        "Connection_Fault.DescAttrName": "me.Connection_Fault.Desc",
        "Connection_Fault.AlarmShelveCmd": "Duration=0; Reason=\"\";",
        "L1_Current.ValueDeadBand": "0.0",
        "L1_Current.ForceStoragePeriod": "0",
        "L1_Current.TrendHi": "1500.0",
        "L1_Current.TrendLo": "0.0",
        "L1_Current.Description": "",
        "L1_Current.InterpolationType": "SystemDefault",
        "L1_Current.RolloverValue": "0.0",
        "L1_Current.SampleCount": "0",
        "L1_Current.EnableSwingingDoor": "false",
        "L1_Current.RateDeadBand": "0.0",
        "L2_Current.ValueDeadBand": "0.0",
        "L2_Current.ForceStoragePeriod": "0",
        "L2_Current.TrendHi": "1500.0",
        "L2_Current.TrendLo": "0.0",
        "L2_Current.Description": "",
        "L2_Current.InterpolationType": "SystemDefault",
        "L2_Current.RolloverValue": "0.0",
        "L2_Current.SampleCount": "0",
        "L2_Current.EnableSwingingDoor": "false",
        "L2_Current.RateDeadBand": "0.0",
        "L3_Current.ValueDeadBand": "0.0",
        "L3_Current.ForceStoragePeriod": "0",
        "L3_Current.TrendHi": "1500.0",
        "L3_Current.TrendLo": "0.0",
        "L3_Current.Description": "",
        "L3_Current.InterpolationType": "SystemDefault",
        "L3_Current.RolloverValue": "0.0",
        "L3_Current.SampleCount": "0",
        "L3_Current.EnableSwingingDoor": "false",
        "L3_Current.RateDeadBand": "0.0",
        "Total_Apparent_Power.ValueDeadBand": "0.0",
        "Total_Apparent_Power.ForceStoragePeriod": "0",
        "Total_Apparent_Power.TrendHi": "1500.0",
        "Total_Apparent_Power.TrendLo": "0.0",
        "Total_Apparent_Power.Description": "",
        "Total_Apparent_Power.InterpolationType": "SystemDefault",
        "Total_Apparent_Power.RolloverValue": "0.0",
        "Total_Apparent_Power.SampleCount": "0",
        "Total_Apparent_Power.EnableSwingingDoor": "false",
        "Total_Apparent_Power.RateDeadBand": "0.0",
        "Total_Real_Power.ValueDeadBand": "0.0",
        "Total_Real_Power.ForceStoragePeriod": "0",
        "Total_Real_Power.TrendHi": "1500.0",
        "Total_Real_Power.TrendLo": "0.0",
        "Total_Real_Power.Description": "",
        "Total_Real_Power.InterpolationType": "SystemDefault",
        "Total_Real_Power.RolloverValue": "0.0",
        "Total_Real_Power.SampleCount": "0",
        "Total_Real_Power.EnableSwingingDoor": "false",
        "Total_Real_Power.RateDeadBand": "0.0"
    }
}