{
    "JH_Safety_Zones": {
        ":Tagname": "Sludge_COE320116C_17D",
        "Area": "Sludge_Safety_System",
        "SecurityGroup": "Default",
        "Container": "",
        "ContainedName": "",
        "FriendlyName": "",
        "ShortDesc": "MCC VSD Motors Safety Relays 1A/1B.",
        "ExecutionRelativeOrder": "None",
        "ExecutionRelatedObject": "",
        "UDAs": "<UDAInfo></UDAInfo>",
        "Extensions": "<ExtensionInfo><ObjectExtension/><AttributeExtension/></ExtensionInfo>",
        "CmdData": "<CmdData><BooleanLabel></BooleanLabel></CmdData>",
        "ABCLX_Object": "true",
        "debug": "false",
        "InitDone_ABCLX": "false",
        "InitDone_Manual": "false",
        "ManualIO_Object": "true",
        "ManualIOMappingTags": ",,,,,,,,,,,,,,,,,,,,,,,,,,,,,,,",
        "cfgHas2Feedback": "true",
        "cfgReversedInd": "false",
        "cfgTypeText": "",
        "cfgTypeTextLong": "Safety Zone",
        "UserAttrData": "<AttrXML/>",
        "StatusCheck": "false",
        "Fault": "false",
        "Alarm": "false",
        "Good": "false",
        "FeedBack1": "false",
        "FeedBack2": "false",
        "script.IOSetRef_ABCLX.AliasReferences": "No Data",
        "script.IOSetRef_ABCLX.Aliases": "No Data",
        "script.IOSetRef_ABCLX.DeclarationsText": "",
        "script.OnScan.AliasReferences": "No Data",
        "script.OnScan.Aliases": "No Data",
        "script.OnScan.TriggerType": "WhileTrue",
        "script.OnScan.Expression": "",
        "script.OnScan.DataChangeDeadband": "0.0",
        "script.OnScan.DeclarationsText": "",
        "script.OnScan.ExecutionError.Alarmed": "false",
        "script.OnScan.TriggerPeriod": "0000 00:00:00.0000000",
        "script.OnScan.RunsAsync": "false",
        "script.OnScan.State.Historized": "false",
        "script.OnScan.ExecuteTimeout.Limit": "0",
        "script.OnScan.TriggerOnQualityChange": "false",
        "script.GenericSetup.AliasReferences": "No Data",
        "script.GenericSetup.Aliases": "No Data",
        "script.GenericSetup.TriggerType": "WhileTrue",
        "script.GenericSetup.Expression": "NOT me.InitDone_Manual AND Me.ManualIO_Object AND NOT (me.ABCLX_Object AND NOT me.InitDone_ABCLX)",
        "script.GenericSetup.DataChangeDeadband": "0.0",
        "script.GenericSetup.DeclarationsText": "",
        "script.GenericSetup.ExecutionError.Alarmed": "false",
        "script.GenericSetup.TriggerPeriod": "0000 00:00:00.0000000",
        "script.GenericSetup.RunsAsync": "false",
        "script.GenericSetup.State.Historized": "false",
        "script.GenericSetup.ExecuteTimeout.Limit": "0",
        "script.GenericSetup.TriggerOnQualityChange": "false",
        "StatusCheck.Alarmed": "false",
        "StatusCheck.HasStatistics": "false",
        "StatusCheck.Historized": "false",
        "StatusCheck.LogDataChangeEvent": "false",
        "StatusCheck.UseOffOnMsg": "false",
        "StatusCheck.OnMsg": "True",
        "StatusCheck.OffMsg": "False",
        "StatusCheck.InvertValue": "false",
        "StatusCheck.Bad.Alarmed": "false",
        "StatusCheck.Output.DiffAddr": "false",
        "StatusCheck.Desc": "",
        "StatusCheck.Input.DataType": "MxBoolean",
        "StatusCheck.Input.InputSource": "---",
        "Fault.HasStatistics": "false",
        "Fault.Historized": "false",
        "Fault.LogDataChangeEvent": "false",
        "Fault.UseOffOnMsg": "false",
        "Fault.OnMsg": "True",
        "Fault.OffMsg": "False",
        "Fault.InvertValue": "false",
        "Fault.Bad.Alarmed": "false",
        "Fault.Output.DiffAddr": "false",
        "Fault.Desc": "E-Stop Fault Exists",
        "Fault.Input.DataType": "MxBoolean",
        "Fault.Input.InputSource": "---",
        "Alarm.HasStatistics": "false",
        "Alarm.Historized": "false",
        "Alarm.LogDataChangeEvent": "false",
        "Alarm.UseOffOnMsg": "false",
        "Alarm.OnMsg": "True",
        "Alarm.OffMsg": "False",
        "Alarm.InvertValue": "false",
        "Alarm.Bad.Alarmed": "false",
        "Alarm.Output.DiffAddr": "false",
        "Alarm.Desc": "E-STOP Alarm is Active",
        "Alarm.Input.DataType": "MxBoolean",
        "Alarm.Input.InputSource": "---",
        "Good.Alarmed": "false",
        "Good.HasStatistics": "false",
        "Good.Historized": "false",
        "Good.LogDataChangeEvent": "false",
        "Good.UseOffOnMsg": "false",
        "Good.OnMsg": "True",
        "Good.OffMsg": "False",
        "Good.InvertValue": "false",
        "Good.Bad.Alarmed": "false",
        "Good.Output.DiffAddr": "false",
        "Good.Desc": "",
        "Good.Input.DataType": "MxBoolean",
        "Good.Input.InputSource": "---",
        "FeedBack1.Alarmed": "false",
        "FeedBack1.HasStatistics": "false",
        "FeedBack1.Historized": "false",
        "FeedBack1.LogDataChangeEvent": "false",
        "FeedBack1.UseOffOnMsg": "false",
        "FeedBack1.OnMsg": "True",
        "FeedBack1.OffMsg": "False",
        "FeedBack1.InvertValue": "false",
        "FeedBack1.Bad.Alarmed": "false",
        "FeedBack1.Output.DiffAddr": "false",
        "FeedBack1.Desc": "",
        "FeedBack1.Input.DataType": "MxBoolean",
        "FeedBack1.Input.InputSource": "---",
        "FeedBack2.Alarmed": "false",
        "FeedBack2.HasStatistics": "false",
        "FeedBack2.Historized": "false",
        "FeedBack2.LogDataChangeEvent": "false",
        "FeedBack2.UseOffOnMsg": "false",
        "FeedBack2.OnMsg": "True",
        "FeedBack2.OffMsg": "False",
        "FeedBack2.InvertValue": "false",
        "FeedBack2.Bad.Alarmed": "false",
        "FeedBack2.Output.DiffAddr": "false",
        "FeedBack2.Desc": "",
        "FeedBack2.Input.DataType": "MxBoolean",
        "FeedBack2.Input.InputSource": "---",
        "Fault.ActiveAlarmState": "true",
        "Fault.BooleanAlarm.TimeDeadband": "0000 00:00:00.0000000",
        "Fault.Priority": "500",
        "Fault.Category": "Discrete",
        "Fault.DescAttrName": "me.Fault.Desc",
        "Fault.AlarmShelveCmd": "Duration=0; Reason=\"\";",
        "Alarm.ActiveAlarmState": "true",
        "Alarm.BooleanAlarm.TimeDeadband": "0000 00:00:00.0000000",
        "Alarm.Priority": "500",
        "Alarm.Category": "Discrete",
        "Alarm.DescAttrName": "me.Alarm.Desc",
        "Alarm.AlarmShelveCmd": "Duration=0; Reason=\"\";"
    }
}