{
    "JH_Valve_Generic_WF": {
        ":Tagname": "QC10151VLV199",
        "Area": "Sludge_Tank_1",
        "SecurityGroup": "Default",
        "Container": "",
        "ContainedName": "",
        "FriendlyName": "",
        "ShortDesc": "Dust Mixer To Drain Valve.",
        "ExecutionRelativeOrder": "None",
        "ExecutionRelatedObject": "",
        "UDAs": "<UDAInfo></UDAInfo>",
        "Extensions": "<ExtensionInfo><ObjectExtension/><AttributeExtension/></ExtensionInfo>",
        "CmdData": "<CmdData><BooleanLabel></BooleanLabel></CmdData>",
        "debug": "false",
        "InitDone_ABCLX": "false",
        "InitDone_Manual": "false",
        "S_IOK_MSG1": "",
        "S_IOK_MSG2": "",
        "S_IOK_MSG3": "",
        "S_IOK_MSG4": "",
        "S_IOK_MSG5": "",
        "minAccessLevel": "SecLvlOper",
        "minAccessLevelMaint": "SecLvlMaint",
        "UserAttrData": "<AttrXML/>",
        "C_AUT": "false",
        "C_CLS": "false",
        "C_OPN": "false",
        "C_MAN": "false",
        "C_MNT": "false",
        "S_AUT": "false",
        "S_CLS": "false",
        "S_OPN": "false",
        "S_FLT": "false",
        "S_IOK": "false",
        "S_MAN": "false",
        "S_MNT": "false",
        "S_AUT_DIS": "false",
        "S_CLG": "false",
        "S_OPG": "false",
        "S_IOK_MET1": "false",
        "S_IOK_MET2": "false",
        "S_IOK_MET3": "false",
        "S_IOK_MET4": "false",
        "S_IOK_MET5": "false",
        "A_CLS": "false",
        "A_OPN": "false",
        "A_STS": "false",
        "A_CLS_Acked": "false",
        "A_OPN_Acked": "false",
        "A_STS_Acked": "false",
        "A_STS_AlarmMode": "0",
        "A_OPN_AlarmMode": "0",
        "A_CLS_AlarmMode": "0",
        "script.IOSetRef_ABCLX.AliasReferences": "No Data",
        "script.IOSetRef_ABCLX.Aliases": "No Data",
        "script.IOSetRef_ABCLX.DeclarationsText": "",
        "script.OnScan.AliasReferences": "No Data",
        "script.OnScan.Aliases": "No Data",
        "script.OnScan.TriggerType": "WhileTrue",
        "script.OnScan.Expression": "",
        "script.OnScan.DataChangeDeadband": "0.0",
        "script.OnScan.DeclarationsText": "",
        "script.OnScan.ExecutionError.Alarmed": "false",
        "script.OnScan.TriggerPeriod": "0000 00:00:00.0000000",
        "script.OnScan.RunsAsync": "false",
        "script.OnScan.State.Historized": "false",
        "script.OnScan.ExecuteTimeout.Limit": "0",
        "script.OnScan.TriggerOnQualityChange": "false",
        "script.GenericSetup.AliasReferences": "No Data",
        "script.GenericSetup.Aliases": "No Data",
        "script.GenericSetup.DeclarationsText": "",
        "C_AUT.Alarmed": "false",
        "C_AUT.HasStatistics": "false",
        "C_AUT.Historized": "false",
        "C_AUT.LogDataChangeEvent": "false",
        "C_AUT.UseOffOnMsg": "false",
        "C_AUT.OnMsg": "True",
        "C_AUT.OffMsg": "False",
        "C_AUT.InvertValue": "false",
        "C_AUT.Bad.Alarmed": "false",
        "C_AUT.Output.DiffAddr": "false",
        "C_AUT.Desc": "Auto Mode Requested",
        "C_AUT.Input.DataType": "MxBoolean",
        "C_AUT.Input.InputSource": "---",
        "C_AUT.Output.DataType": "MxBoolean",
        "C_AUT.Output.OutputDest": "---",
        "C_CLS.Alarmed": "false",
        "C_CLS.HasStatistics": "false",
        "C_CLS.Historized": "false",
        "C_CLS.LogDataChangeEvent": "false",
        "C_CLS.UseOffOnMsg": "false",
        "C_CLS.OnMsg": "True",
        "C_CLS.OffMsg": "False",
        "C_CLS.InvertValue": "false",
        "C_CLS.Bad.Alarmed": "false",
        "C_CLS.Output.DiffAddr": "false",
        "C_CLS.Desc": "Operator Valve Close Request",
        "C_CLS.Input.DataType": "MxBoolean",
        "C_CLS.Input.InputSource": "---",
        "C_CLS.Output.DataType": "MxBoolean",
        "C_CLS.Output.OutputDest": "---",
        "C_OPN.Alarmed": "false",
        "C_OPN.HasStatistics": "false",
        "C_OPN.Historized": "false",
        "C_OPN.LogDataChangeEvent": "false",
        "C_OPN.UseOffOnMsg": "false",
        "C_OPN.OnMsg": "True",
        "C_OPN.OffMsg": "False",
        "C_OPN.InvertValue": "false",
        "C_OPN.Bad.Alarmed": "false",
        "C_OPN.Output.DiffAddr": "false",
        "C_OPN.Desc": "Operator Valve Open request",
        "C_OPN.Input.DataType": "MxBoolean",
        "C_OPN.Input.InputSource": "---",
        "C_OPN.Output.DataType": "MxBoolean",
        "C_OPN.Output.OutputDest": "---",
        "C_MAN.Alarmed": "false",
        "C_MAN.HasStatistics": "false",
        "C_MAN.Historized": "false",
        "C_MAN.LogDataChangeEvent": "false",
        "C_MAN.UseOffOnMsg": "false",
        "C_MAN.OnMsg": "True",
        "C_MAN.OffMsg": "False",
        "C_MAN.InvertValue": "false",
        "C_MAN.Bad.Alarmed": "false",
        "C_MAN.Output.DiffAddr": "false",
        "C_MAN.Desc": "Manual Mode Requested",
        "C_MAN.Input.DataType": "MxBoolean",
        "C_MAN.Input.InputSource": "---",
        "C_MAN.Output.DataType": "MxBoolean",
        "C_MAN.Output.OutputDest": "---",
        "C_MNT.Alarmed": "false",
        "C_MNT.HasStatistics": "false",
        "C_MNT.Historized": "false",
        "C_MNT.LogDataChangeEvent": "false",
        "C_MNT.UseOffOnMsg": "false",
        "C_MNT.OnMsg": "True",
        "C_MNT.OffMsg": "False",
        "C_MNT.InvertValue": "false",
        "C_MNT.Bad.Alarmed": "false",
        "C_MNT.Output.DiffAddr": "false",
        "C_MNT.Desc": "Maintenance Mode Requested",
        "C_MNT.Input.DataType": "MxBoolean",
        "C_MNT.Input.InputSource": "---",
        "C_MNT.Output.DataType": "MxBoolean",
        "C_MNT.Output.OutputDest": "---",
        "S_AUT.Alarmed": "false",
        "S_AUT.HasStatistics": "false",
        "S_AUT.LogDataChangeEvent": "false",
        "S_AUT.UseOffOnMsg": "false",
        "S_AUT.OnMsg": "True",
        "S_AUT.OffMsg": "False",
        "S_AUT.InvertValue": "false",
        "S_AUT.Bad.Alarmed": "false",
        "S_AUT.Output.DiffAddr": "false",
        "S_AUT.Desc": "Auto Mode Active",
        "S_AUT.Input.DataType": "MxBoolean",
        "S_AUT.Input.InputSource": "---",
        "S_CLS.Alarmed": "false",
        "S_CLS.HasStatistics": "false",
        "S_CLS.LogDataChangeEvent": "false",
        "S_CLS.UseOffOnMsg": "false",
        "S_CLS.OnMsg": "True",
        "S_CLS.OffMsg": "False",
        "S_CLS.InvertValue": "false",
        "S_CLS.Bad.Alarmed": "false",
        "S_CLS.Output.DiffAddr": "false",
        "S_CLS.Desc": "Valve is Closed",
        "S_CLS.Input.DataType": "MxBoolean",
        "S_CLS.Input.InputSource": "---",
        "S_OPN.Alarmed": "false",
        "S_OPN.HasStatistics": "false",
        "S_OPN.LogDataChangeEvent": "false",
        "S_OPN.UseOffOnMsg": "false",
        "S_OPN.OnMsg": "True",
        "S_OPN.OffMsg": "False",
        "S_OPN.InvertValue": "false",
        "S_OPN.Bad.Alarmed": "false",
        "S_OPN.Output.DiffAddr": "false",
        "S_OPN.Desc": "Valve is Opened",
        "S_OPN.Input.DataType": "MxBoolean",
        "S_OPN.Input.InputSource": "---",
        "S_FLT.Alarmed": "false",
        "S_FLT.HasStatistics": "false",
        "S_FLT.LogDataChangeEvent": "false",
        "S_FLT.UseOffOnMsg": "false",
        "S_FLT.OnMsg": "True",
        "S_FLT.OffMsg": "False",
        "S_FLT.InvertValue": "false",
        "S_FLT.Bad.Alarmed": "false",
        "S_FLT.Output.DiffAddr": "false",
        "S_FLT.Desc": "Valve Fault",
        "S_FLT.Input.DataType": "MxBoolean",
        "S_FLT.Input.InputSource": "---",
        "S_IOK.Alarmed": "false",
        "S_IOK.HasStatistics": "false",
        "S_IOK.Historized": "false",
        "S_IOK.LogDataChangeEvent": "false",
        "S_IOK.UseOffOnMsg": "false",
        "S_IOK.OnMsg": "True",
        "S_IOK.OffMsg": "False",
        "S_IOK.InvertValue": "false",
        "S_IOK.Bad.Alarmed": "false",
        "S_IOK.Output.DiffAddr": "false",
        "S_IOK.Desc": "Interlocks permit opening or closing",
        "S_IOK.Input.DataType": "MxBoolean",
        "S_IOK.Input.InputSource": "---",
        "S_MAN.Alarmed": "false",
        "S_MAN.HasStatistics": "false",
        "S_MAN.Historized": "false",
        "S_MAN.LogDataChangeEvent": "false",
        "S_MAN.UseOffOnMsg": "false",
        "S_MAN.OnMsg": "True",
        "S_MAN.OffMsg": "False",
        "S_MAN.InvertValue": "false",
        "S_MAN.Bad.Alarmed": "false",
        "S_MAN.Output.DiffAddr": "false",
        "S_MAN.Desc": "Manual Mode Active",
        "S_MAN.Input.DataType": "MxBoolean",
        "S_MAN.Input.InputSource": "---",
        "S_MNT.Alarmed": "false",
        "S_MNT.HasStatistics": "false",
        "S_MNT.Historized": "false",
        "S_MNT.LogDataChangeEvent": "false",
        "S_MNT.UseOffOnMsg": "false",
        "S_MNT.OnMsg": "True",
        "S_MNT.OffMsg": "False",
        "S_MNT.InvertValue": "false",
        "S_MNT.Bad.Alarmed": "false",
        "S_MNT.Output.DiffAddr": "false",
        "S_MNT.Desc": "Maintenance Mode Active",
        "S_MNT.Input.DataType": "MxBoolean",
        "S_MNT.Input.InputSource": "---",
        "S_AUT_DIS.Alarmed": "false",
        "S_AUT_DIS.HasStatistics": "false",
        "S_AUT_DIS.Historized": "false",
        "S_AUT_DIS.LogDataChangeEvent": "false",
        "S_AUT_DIS.UseOffOnMsg": "false",
        "S_AUT_DIS.OnMsg": "True",
        "S_AUT_DIS.OffMsg": "False",
        "S_AUT_DIS.InvertValue": "false",
        "S_AUT_DIS.Bad.Alarmed": "false",
        "S_AUT_DIS.Output.DiffAddr": "false",
        "S_AUT_DIS.Input.DataType": "MxBoolean",
        "S_AUT_DIS.Input.InputSource": "---",
        "S_CLG.Alarmed": "false",
        "S_CLG.HasStatistics": "false",
        "S_CLG.Historized": "false",
        "S_CLG.LogDataChangeEvent": "false",
        "S_CLG.UseOffOnMsg": "false",
        "S_CLG.OnMsg": "True",
        "S_CLG.OffMsg": "False",
        "S_CLG.InvertValue": "false",
        "S_CLG.Bad.Alarmed": "false",
        "S_CLG.Output.DiffAddr": "false",
        "S_CLG.Desc": "Status opeing",
        "S_CLG.Input.DataType": "MxBoolean",
        "S_CLG.Input.InputSource": "---",
        "S_OPG.Alarmed": "false",
        "S_OPG.HasStatistics": "false",
        "S_OPG.Historized": "false",
        "S_OPG.LogDataChangeEvent": "false",
        "S_OPG.UseOffOnMsg": "false",
        "S_OPG.OnMsg": "True",
        "S_OPG.OffMsg": "False",
        "S_OPG.InvertValue": "false",
        "S_OPG.Bad.Alarmed": "false",
        "S_OPG.Output.DiffAddr": "false",
        "S_OPG.Desc": "Status opening",
        "S_OPG.Input.DataType": "MxBoolean",
        "S_OPG.Input.InputSource": "---",
        "S_IOK_MET1.Alarmed": "false",
        "S_IOK_MET1.HasStatistics": "false",
        "S_IOK_MET1.Historized": "false",
        "S_IOK_MET1.LogDataChangeEvent": "false",
        "S_IOK_MET1.UseOffOnMsg": "false",
        "S_IOK_MET1.OnMsg": "True",
        "S_IOK_MET1.OffMsg": "False",
        "S_IOK_MET1.InvertValue": "false",
        "S_IOK_MET1.Bad.Alarmed": "false",
        "S_IOK_MET1.Output.DiffAddr": "false",
        "S_IOK_MET1.Desc": "Status Interlock Met 1",
        "S_IOK_MET1.Input.DataType": "MxBoolean",
        "S_IOK_MET1.Input.InputSource": "---",
        "S_IOK_MET2.Alarmed": "false",
        "S_IOK_MET2.HasStatistics": "false",
        "S_IOK_MET2.Historized": "false",
        "S_IOK_MET2.LogDataChangeEvent": "false",
        "S_IOK_MET2.UseOffOnMsg": "false",
        "S_IOK_MET2.OnMsg": "True",
        "S_IOK_MET2.OffMsg": "False",
        "S_IOK_MET2.InvertValue": "false",
        "S_IOK_MET2.Bad.Alarmed": "false",
        "S_IOK_MET2.Output.DiffAddr": "false",
        "S_IOK_MET2.Desc": "Status Interlock Met 2",
        "S_IOK_MET2.Input.DataType": "MxBoolean",
        "S_IOK_MET2.Input.InputSource": "---",
        "S_IOK_MET3.Alarmed": "false",
        "S_IOK_MET3.HasStatistics": "false",
        "S_IOK_MET3.Historized": "false",
        "S_IOK_MET3.LogDataChangeEvent": "false",
        "S_IOK_MET3.UseOffOnMsg": "false",
        "S_IOK_MET3.OnMsg": "True",
        "S_IOK_MET3.OffMsg": "False",
        "S_IOK_MET3.InvertValue": "false",
        "S_IOK_MET3.Bad.Alarmed": "false",
        "S_IOK_MET3.Output.DiffAddr": "false",
        "S_IOK_MET3.Desc": "Status Interlock Met 3",
        "S_IOK_MET3.Input.DataType": "MxBoolean",
        "S_IOK_MET3.Input.InputSource": "---",
        "S_IOK_MET4.Alarmed": "false",
        "S_IOK_MET4.HasStatistics": "false",
        "S_IOK_MET4.Historized": "false",
        "S_IOK_MET4.LogDataChangeEvent": "false",
        "S_IOK_MET4.UseOffOnMsg": "false",
        "S_IOK_MET4.OnMsg": "True",
        "S_IOK_MET4.OffMsg": "False",
        "S_IOK_MET4.InvertValue": "false",
        "S_IOK_MET4.Bad.Alarmed": "false",
        "S_IOK_MET4.Output.DiffAddr": "false",
        "S_IOK_MET4.Desc": "Status Interlock Met 4",
        "S_IOK_MET4.Input.DataType": "MxBoolean",
        "S_IOK_MET4.Input.InputSource": "---",
        "S_IOK_MET4.Output.DataType": "MxBoolean",
        "S_IOK_MET4.Output.OutputDest": "---",
        "S_IOK_MET5.Alarmed": "false",
        "S_IOK_MET5.HasStatistics": "false",
        "S_IOK_MET5.Historized": "false",
        "S_IOK_MET5.LogDataChangeEvent": "false",
        "S_IOK_MET5.UseOffOnMsg": "false",
        "S_IOK_MET5.OnMsg": "True",
        "S_IOK_MET5.OffMsg": "False",
        "S_IOK_MET5.InvertValue": "false",
        "S_IOK_MET5.Bad.Alarmed": "false",
        "S_IOK_MET5.Output.DiffAddr": "false",
        "S_IOK_MET5.Desc": "Status Interlock Met 5",
        "S_IOK_MET5.Input.DataType": "MxBoolean",
        "S_IOK_MET5.Input.InputSource": "---",
        "S_OPN.ValueDeadBand": "0.0",
        "S_OPN.ForceStoragePeriod": "0",
        "S_OPN.TrendHi": "10.0",
        "S_OPN.TrendLo": "0.0",
        "S_OPN.Description": "",
        "S_OPN.InterpolationType": "SystemDefault",
        "S_OPN.RolloverValue": "0.0",
        "S_OPN.SampleCount": "0",
        "S_OPN.EnableSwingingDoor": "false",
        "S_OPN.RateDeadBand": "0.0",
        "S_CLS.ValueDeadBand": "0.0",
        "S_CLS.ForceStoragePeriod": "0",
        "S_CLS.TrendHi": "10.0",
        "S_CLS.TrendLo": "0.0",
        "S_CLS.Description": "",
        "S_CLS.InterpolationType": "SystemDefault",
        "S_CLS.RolloverValue": "0.0",
        "S_CLS.SampleCount": "0",
        "S_CLS.EnableSwingingDoor": "false",
        "S_CLS.RateDeadBand": "0.0",
        "A_CLS.HasStatistics": "false",
        "A_CLS.Historized": "false",
        "A_CLS.LogDataChangeEvent": "false",
        "A_CLS.UseOffOnMsg": "false",
        "A_CLS.OnMsg": "True",
        "A_CLS.OffMsg": "False",
        "A_CLS.InvertValue": "false",
        "A_CLS.Bad.Alarmed": "false",
        "A_CLS.Output.DiffAddr": "false",
        "A_CLS.Desc": "Closing alarm",
        "A_CLS.Input.DataType": "MxBoolean",
        "A_CLS.Input.InputSource": "---",
        "A_CLS.Output.DataType": "MxBoolean",
        "A_CLS.Output.OutputDest": "---",
        "A_OPN.HasStatistics": "false",
        "A_OPN.Historized": "false",
        "A_OPN.LogDataChangeEvent": "false",
        "A_OPN.UseOffOnMsg": "false",
        "A_OPN.OnMsg": "True",
        "A_OPN.OffMsg": "False",
        "A_OPN.InvertValue": "false",
        "A_OPN.Bad.Alarmed": "false",
        "A_OPN.Output.DiffAddr": "false",
        "A_OPN.Desc": "Opening alarm",
        "A_OPN.Input.DataType": "MxBoolean",
        "A_OPN.Input.InputSource": "---",
        "A_OPN.Output.DataType": "MxBoolean",
        "A_OPN.Output.OutputDest": "---",
        "A_STS.HasStatistics": "false",
        "A_STS.Historized": "false",
        "A_STS.LogDataChangeEvent": "false",
        "A_STS.UseOffOnMsg": "false",
        "A_STS.OnMsg": "True",
        "A_STS.OffMsg": "False",
        "A_STS.InvertValue": "false",
        "A_STS.Bad.Alarmed": "false",
        "A_STS.Output.DiffAddr": "false",
        "A_STS.Desc": "Sensor fault (valve cannot be both open and closed simultaneously)",
        "A_STS.Input.DataType": "MxBoolean",
        "A_STS.Input.InputSource": "---",
        "A_STS.Output.DataType": "MxBoolean",
        "A_STS.Output.OutputDest": "---",
        "A_CLS_Acked.Alarmed": "false",
        "A_CLS_Acked.HasStatistics": "false",
        "A_CLS_Acked.Historized": "false",
        "A_CLS_Acked.LogDataChangeEvent": "false",
        "A_CLS_Acked.UseOffOnMsg": "false",
        "A_CLS_Acked.OnMsg": "True",
        "A_CLS_Acked.OffMsg": "False",
        "A_CLS_Acked.InvertValue": "false",
        "A_CLS_Acked.Bad.Alarmed": "false",
        "A_CLS_Acked.Output.DiffAddr": "false",
        "A_CLS_Acked.Desc": "Closing alarm",
        "A_CLS_Acked.Input.DataType": "MxBoolean",
        "A_CLS_Acked.Input.InputSource": "---",
        "A_CLS_Acked.Output.DataType": "MxBoolean",
        "A_CLS_Acked.Output.OutputDest": "---",
        "A_OPN_Acked.Alarmed": "false",
        "A_OPN_Acked.HasStatistics": "false",
        "A_OPN_Acked.Historized": "false",
        "A_OPN_Acked.LogDataChangeEvent": "false",
        "A_OPN_Acked.UseOffOnMsg": "false",
        "A_OPN_Acked.OnMsg": "True",
        "A_OPN_Acked.OffMsg": "False",
        "A_OPN_Acked.InvertValue": "false",
        "A_OPN_Acked.Bad.Alarmed": "false",
        "A_OPN_Acked.Output.DiffAddr": "false",
        "A_OPN_Acked.Desc": "Opening alarm",
        "A_OPN_Acked.Input.DataType": "MxBoolean",
        "A_OPN_Acked.Input.InputSource": "---",
        "A_OPN_Acked.Output.DataType": "MxBoolean",
        "A_OPN_Acked.Output.OutputDest": "---",
        "A_STS_Acked.Alarmed": "false",
        "A_STS_Acked.HasStatistics": "false",
        "A_STS_Acked.Historized": "false",
        "A_STS_Acked.LogDataChangeEvent": "false",
        "A_STS_Acked.UseOffOnMsg": "false",
        "A_STS_Acked.OnMsg": "True",
        "A_STS_Acked.OffMsg": "False",
        "A_STS_Acked.InvertValue": "false",
        "A_STS_Acked.Bad.Alarmed": "false",
        "A_STS_Acked.Output.DiffAddr": "false",
        "A_STS_Acked.Desc": "Sensor fault (valve cannot be both open and closed simultaneously)",
        "A_STS_Acked.Input.DataType": "MxBoolean",
        "A_STS_Acked.Input.InputSource": "---",
        "A_STS_Acked.Output.DataType": "MxBoolean",
        "A_STS_Acked.Output.OutputDest": "---",
        "A_STS_AlarmMode.EngUnits": "",
        "A_STS_AlarmMode.LevelAlarmed": "false",
        "A_STS_AlarmMode.ROCAlarmed": "false",
        "A_STS_AlarmMode.DeviationAlarmed": "false",
        "A_STS_AlarmMode.Bad.Alarmed": "false",
        "A_STS_AlarmMode.LogDataChangeEvent": "false",
        "A_STS_AlarmMode.HasStatistics": "false",
        "A_STS_AlarmMode.Scaled": "false",
        "A_STS_AlarmMode.Historized": "false",
        "A_STS_AlarmMode.Output.DiffAddr": "false",
        "A_STS_AlarmMode.Deadband": "0.0",
        "A_STS_AlarmMode.Desc": "Sensor fault (valve cannot be both open and closed simultaneously)",
        "A_STS_AlarmMode.Input.DataType": "MxInteger",
        "A_STS_AlarmMode.Input.InputSource": "---",
        "A_STS_AlarmMode.Output.DataType": "MxInteger",
        "A_STS_AlarmMode.Output.OutputDest": "---",
        "A_OPN_AlarmMode.EngUnits": "",
        "A_OPN_AlarmMode.LevelAlarmed": "false",
        "A_OPN_AlarmMode.ROCAlarmed": "false",
        "A_OPN_AlarmMode.DeviationAlarmed": "false",
        "A_OPN_AlarmMode.Bad.Alarmed": "false",
        "A_OPN_AlarmMode.LogDataChangeEvent": "false",
        "A_OPN_AlarmMode.HasStatistics": "false",
        "A_OPN_AlarmMode.Scaled": "false",
        "A_OPN_AlarmMode.Historized": "false",
        "A_OPN_AlarmMode.Output.DiffAddr": "false",
        "A_OPN_AlarmMode.Deadband": "0.0",
        "A_OPN_AlarmMode.Desc": "Opening alarm",
        "A_OPN_AlarmMode.Input.DataType": "MxInteger",
        "A_OPN_AlarmMode.Input.InputSource": "---",
        "A_OPN_AlarmMode.Output.DataType": "MxInteger",
        "A_OPN_AlarmMode.Output.OutputDest": "---",
        "A_CLS_AlarmMode.EngUnits": "",
        "A_CLS_AlarmMode.LevelAlarmed": "false",
        "A_CLS_AlarmMode.ROCAlarmed": "false",
        "A_CLS_AlarmMode.DeviationAlarmed": "false",
        "A_CLS_AlarmMode.Bad.Alarmed": "false",
        "A_CLS_AlarmMode.LogDataChangeEvent": "false",
        "A_CLS_AlarmMode.HasStatistics": "false",
        "A_CLS_AlarmMode.Scaled": "false",
        "A_CLS_AlarmMode.Historized": "false",
        "A_CLS_AlarmMode.Output.DiffAddr": "false",
        "A_CLS_AlarmMode.Deadband": "0.0",
        "A_CLS_AlarmMode.Desc": "Closing alarm",
        "A_CLS_AlarmMode.Input.DataType": "MxInteger",
        "A_CLS_AlarmMode.Input.InputSource": "---",
        "A_CLS_AlarmMode.Output.DataType": "MxInteger",
        "A_CLS_AlarmMode.Output.OutputDest": "---",
        "S_AUT.ValueDeadBand": "0.0",
        "S_AUT.ForceStoragePeriod": "0",
        "S_AUT.TrendHi": "10.0",
        "S_AUT.TrendLo": "0.0",
        "S_AUT.Description": "",
        "S_AUT.InterpolationType": "SystemDefault",
        "S_AUT.RolloverValue": "0.0",
        "S_AUT.SampleCount": "0",
        "S_AUT.EnableSwingingDoor": "false",
        "S_AUT.RateDeadBand": "0.0",
        "S_FLT.ValueDeadBand": "0.0",
        "S_FLT.ForceStoragePeriod": "0",
        "S_FLT.TrendHi": "10.0",
        "S_FLT.TrendLo": "0.0",
        "S_FLT.Description": "",
        "S_FLT.InterpolationType": "SystemDefault",
        "S_FLT.RolloverValue": "0.0",
        "S_FLT.SampleCount": "0",
        "S_FLT.EnableSwingingDoor": "false",
        "S_FLT.RateDeadBand": "0.0",
        "A_CLS.ActiveAlarmState": "true",
        "A_CLS.BooleanAlarm.TimeDeadband": "0000 00:00:00.0000000",
        "A_CLS.Category": "Discrete",
        "A_CLS.DescAttrName": "me.A_CLS.Desc",
        "A_CLS.AlarmShelveCmd": "Duration=0; Reason=\"\";",
        "A_OPN.ActiveAlarmState": "true",
        "A_OPN.BooleanAlarm.TimeDeadband": "0000 00:00:00.0000000",
        "A_OPN.Category": "Discrete",
        "A_OPN.DescAttrName": "me.A_OPN.Desc",
        "A_OPN.AlarmShelveCmd": "Duration=0; Reason=\"\";",
        "A_STS.ActiveAlarmState": "true",
        "A_STS.BooleanAlarm.TimeDeadband": "0000 00:00:00.0000000",
        "A_STS.Category": "Discrete",
        "A_STS.DescAttrName": "me.A_STS.Desc",
        "A_STS.AlarmShelveCmd": "Duration=0; Reason=\"\";",
        "A_CLS.Acked.OutputDest": "---",
        "A_CLS.Acked.InvertValue": "false",
        "A_CLS.AlarmMode.OutputDest": "---",
        "A_OPN.Acked.OutputDest": "---",
        "A_OPN.Acked.InvertValue": "false",
        "A_OPN.AlarmMode.OutputDest": "---",
        "A_STS.Acked.OutputDest": "---",
        "A_STS.Acked.InvertValue": "false",
        "A_STS.AlarmMode.OutputDest": "---"
    }
}