{
    "JH_Valve_Proportional2": {
        ":Tagname": "QC10151PRO401",
        "Area": "Sludge_Tank_4",
        "SecurityGroup": "Default",
        "Container": "",
        "ContainedName": "",
        "FriendlyName": "",
        "ShortDesc": "Sludge Tank 4 Proportional Discharge Valve.",
        "ExecutionRelativeOrder": "None",
        "ExecutionRelatedObject": "",
        "UDAs": "<UDAInfo></UDAInfo>",
        "Extensions": "<ExtensionInfo><ObjectExtension/><AttributeExtension/></ExtensionInfo>",
        "CmdData": "<CmdData><BooleanLabel></BooleanLabel></CmdData>",
        "debug": "false",
        "InitDone_ABCLX": "false",
        "InitDone_Manual": "false",
        "cfgPrecision": "0",
        "cfgSparkTrendTimeSpan": "20",
        "minAccessLevel": "SecLvlOper",
        "minAccessLevelMaint": "SecLvlMaint",
        "S_IOK_MSG1": "",
        "S_IOK_MSG2": "",
        "S_IOK_MSG3": "",
        "S_IOK_MSG4": "",
        "S_IOK_MSG5": "",
        "UserAttrData": "<AttrXML/>",
        "C_AUT": "false",
        "C_MAN": "false",
        "C_MNT": "false",
        "S_AUT": "false",
        "S_FLT": "false",
        "S_IOK": "false",
        "S_MAN": "false",
        "S_MNT": "false",
        "C_MSP": "0.0",
        "S_PV": "0.0",
        "S_SP": "0.0",
        "A_STS": "false",
        "A_STS_Acked": "false",
        "A_STS_AlarmMode": "0",
        "S_AUT_DIS": "false",
        "S_ASP_ENB": "false",
        "C_ASP": "0",
        "S_SPL": "0",
        "S_SPH": "0",
        "C_SPH": "0.0",
        "C_SPL": "0.0",
        "S_IOK_MET1": "false",
        "S_IOK_MET2": "false",
        "S_IOK_MET3": "false",
        "S_IOK_MET4": "false",
        "S_IOK_MET5": "false",
        "A_POS": "false",
        "A_POS_Acked": "false",
        "A_POS_AlarmMode": "0",
        "S_OPN": "false",
        "S_CLS": "false",
        "script.IOSetRef_ABCLX.DeclarationsText": "",
        "script.OnScan.TriggerType": "WhileTrue",
        "script.OnScan.Expression": "",
        "script.OnScan.DataChangeDeadband": "0.0",
        "script.OnScan.DeclarationsText": "",
        "script.OnScan.ExecutionError.Alarmed": "false",
        "script.OnScan.TriggerPeriod": "0000 00:00:00.0000000",
        "script.OnScan.RunsAsync": "false",
        "script.OnScan.State.Historized": "false",
        "script.OnScan.ExecuteTimeout.Limit": "0",
        "script.OnScan.TriggerOnQualityChange": "false",
        "script.GenericSetup.DeclarationsText": "",
        "C_AUT.Alarmed": "false",
        "C_AUT.HasStatistics": "false",
        "C_AUT.Historized": "false",
        "C_AUT.LogDataChangeEvent": "false",
        "C_AUT.UseOffOnMsg": "false",
        "C_AUT.OnMsg": "True",
        "C_AUT.OffMsg": "False",
        "C_AUT.InvertValue": "false",
        "C_AUT.Bad.Alarmed": "false",
        "C_AUT.Output.DiffAddr": "false",
        "C_AUT.Desc": "Auto Mode Requested",
        "C_AUT.Input.DataType": "MxBoolean",
        "C_AUT.Input.InputSource": "---",
        "C_AUT.Output.DataType": "MxBoolean",
        "C_AUT.Output.OutputDest": "---",
        "C_MAN.Alarmed": "false",
        "C_MAN.HasStatistics": "false",
        "C_MAN.Historized": "false",
        "C_MAN.LogDataChangeEvent": "false",
        "C_MAN.UseOffOnMsg": "false",
        "C_MAN.OnMsg": "True",
        "C_MAN.OffMsg": "False",
        "C_MAN.InvertValue": "false",
        "C_MAN.Bad.Alarmed": "false",
        "C_MAN.Output.DiffAddr": "false",
        "C_MAN.Desc": "Manual Mode Requested",
        "C_MAN.Input.DataType": "MxBoolean",
        "C_MAN.Input.InputSource": "---",
        "C_MAN.Output.DataType": "MxBoolean",
        "C_MAN.Output.OutputDest": "---",
        "C_MNT.Alarmed": "false",
        "C_MNT.HasStatistics": "false",
        "C_MNT.Historized": "false",
        "C_MNT.LogDataChangeEvent": "false",
        "C_MNT.UseOffOnMsg": "false",
        "C_MNT.OnMsg": "True",
        "C_MNT.OffMsg": "False",
        "C_MNT.InvertValue": "false",
        "C_MNT.Bad.Alarmed": "false",
        "C_MNT.Output.DiffAddr": "false",
        "C_MNT.Desc": "Maintenance Mode Requested",
        "C_MNT.Input.DataType": "MxBoolean",
        "C_MNT.Input.InputSource": "---",
        "C_MNT.Output.DataType": "MxBoolean",
        "C_MNT.Output.OutputDest": "---",
        "S_AUT.Alarmed": "false",
        "S_AUT.HasStatistics": "false",
        "S_AUT.LogDataChangeEvent": "false",
        "S_AUT.UseOffOnMsg": "false",
        "S_AUT.OnMsg": "True",
        "S_AUT.OffMsg": "False",
        "S_AUT.InvertValue": "false",
        "S_AUT.Bad.Alarmed": "false",
        "S_AUT.Output.DiffAddr": "false",
        "S_AUT.Desc": "Auto Mode Active",
        "S_AUT.Input.DataType": "MxBoolean",
        "S_AUT.Input.InputSource": "---",
        "S_FLT.Alarmed": "false",
        "S_FLT.HasStatistics": "false",
        "S_FLT.LogDataChangeEvent": "false",
        "S_FLT.UseOffOnMsg": "false",
        "S_FLT.OnMsg": "True",
        "S_FLT.OffMsg": "False",
        "S_FLT.InvertValue": "false",
        "S_FLT.Bad.Alarmed": "false",
        "S_FLT.Output.DiffAddr": "false",
        "S_FLT.Desc": "Valve Fault",
        "S_FLT.Input.DataType": "MxBoolean",
        "S_FLT.Input.InputSource": "---",
        "S_IOK.Alarmed": "false",
        "S_IOK.HasStatistics": "false",
        "S_IOK.Historized": "false",
        "S_IOK.LogDataChangeEvent": "false",
        "S_IOK.UseOffOnMsg": "false",
        "S_IOK.OnMsg": "True",
        "S_IOK.OffMsg": "False",
        "S_IOK.InvertValue": "false",
        "S_IOK.Bad.Alarmed": "false",
        "S_IOK.Output.DiffAddr": "false",
        "S_IOK.Desc": "Interlocks permit opening or closing",
        "S_IOK.Input.DataType": "MxBoolean",
        "S_IOK.Input.InputSource": "---",
        "S_MAN.Alarmed": "false",
        "S_MAN.HasStatistics": "false",
        "S_MAN.Historized": "false",
        "S_MAN.LogDataChangeEvent": "false",
        "S_MAN.UseOffOnMsg": "false",
        "S_MAN.OnMsg": "True",
        "S_MAN.OffMsg": "False",
        "S_MAN.InvertValue": "false",
        "S_MAN.Bad.Alarmed": "false",
        "S_MAN.Output.DiffAddr": "false",
        "S_MAN.Desc": "Manual Mode Active",
        "S_MAN.Input.DataType": "MxBoolean",
        "S_MAN.Input.InputSource": "---",
        "S_MNT.Alarmed": "false",
        "S_MNT.HasStatistics": "false",
        "S_MNT.Historized": "false",
        "S_MNT.LogDataChangeEvent": "false",
        "S_MNT.UseOffOnMsg": "false",
        "S_MNT.OnMsg": "True",
        "S_MNT.OffMsg": "False",
        "S_MNT.InvertValue": "false",
        "S_MNT.Bad.Alarmed": "false",
        "S_MNT.Output.DiffAddr": "false",
        "S_MNT.Desc": "Maintenance Mode Active",
        "S_MNT.Input.DataType": "MxBoolean",
        "S_MNT.Input.InputSource": "---",
        "C_MSP.EngUnits": "",
        "C_MSP.LevelAlarmed": "false",
        "C_MSP.ROCAlarmed": "false",
        "C_MSP.DeviationAlarmed": "false",
        "C_MSP.Bad.Alarmed": "false",
        "C_MSP.LogDataChangeEvent": "false",
        "C_MSP.HasStatistics": "false",
        "C_MSP.Scaled": "false",
        "C_MSP.Historized": "false",
        "C_MSP.Output.DiffAddr": "false",
        "C_MSP.Deadband": "0.0",
        "C_MSP.Desc": "Setpoint from HMI",
        "C_MSP.Input.DataType": "MxDouble",
        "C_MSP.Input.InputSource": "---",
        "C_MSP.Output.DataType": "MxDouble",
        "C_MSP.Output.OutputDest": "---",
        "S_PV.EngUnits": "",
        "S_PV.LevelAlarmed": "false",
        "S_PV.ROCAlarmed": "false",
        "S_PV.DeviationAlarmed": "false",
        "S_PV.Bad.Alarmed": "false",
        "S_PV.LogDataChangeEvent": "false",
        "S_PV.HasStatistics": "false",
        "S_PV.Scaled": "false",
        "S_PV.Output.DiffAddr": "false",
        "S_PV.Deadband": "0.0",
        "S_PV.Desc": "Process Variable",
        "S_PV.Input.DataType": "MxDouble",
        "S_PV.Input.InputSource": "---",
        "S_SP.EngUnits": "",
        "S_SP.LevelAlarmed": "false",
        "S_SP.ROCAlarmed": "false",
        "S_SP.DeviationAlarmed": "false",
        "S_SP.Bad.Alarmed": "false",
        "S_SP.LogDataChangeEvent": "false",
        "S_SP.HasStatistics": "false",
        "S_SP.Scaled": "false",
        "S_SP.Output.DiffAddr": "false",
        "S_SP.Deadband": "0.0",
        "S_SP.Desc": "Set Point",
        "S_SP.Input.DataType": "MxDouble",
        "S_SP.Input.InputSource": "---",
        "A_STS.HasStatistics": "false",
        "A_STS.Historized": "false",
        "A_STS.LogDataChangeEvent": "false",
        "A_STS.UseOffOnMsg": "false",
        "A_STS.OnMsg": "True",
        "A_STS.OffMsg": "False",
        "A_STS.InvertValue": "false",
        "A_STS.Bad.Alarmed": "false",
        "A_STS.Output.DiffAddr": "false",
        "A_STS.Desc": "Sensor fault (valve cannot be both open and closed simultaneously)",
        "A_STS.Input.DataType": "MxBoolean",
        "A_STS.Input.InputSource": "---",
        "A_STS.Output.DataType": "MxBoolean",
        "A_STS.Output.OutputDest": "---",
        "A_STS_Acked.Alarmed": "false",
        "A_STS_Acked.HasStatistics": "false",
        "A_STS_Acked.Historized": "false",
        "A_STS_Acked.LogDataChangeEvent": "false",
        "A_STS_Acked.UseOffOnMsg": "false",
        "A_STS_Acked.OnMsg": "True",
        "A_STS_Acked.OffMsg": "False",
        "A_STS_Acked.InvertValue": "false",
        "A_STS_Acked.Bad.Alarmed": "false",
        "A_STS_Acked.Output.DiffAddr": "false",
        "A_STS_Acked.Desc": "Sensor fault (valve cannot be both open and closed simultaneously)",
        "A_STS_Acked.Input.DataType": "MxBoolean",
        "A_STS_Acked.Input.InputSource": "---",
        "A_STS_Acked.Output.DataType": "MxBoolean",
        "A_STS_Acked.Output.OutputDest": "---",
        "A_STS_AlarmMode.EngUnits": "",
        "A_STS_AlarmMode.LevelAlarmed": "false",
        "A_STS_AlarmMode.ROCAlarmed": "false",
        "A_STS_AlarmMode.DeviationAlarmed": "false",
        "A_STS_AlarmMode.Bad.Alarmed": "false",
        "A_STS_AlarmMode.LogDataChangeEvent": "false",
        "A_STS_AlarmMode.HasStatistics": "false",
        "A_STS_AlarmMode.Scaled": "false",
        "A_STS_AlarmMode.Historized": "false",
        "A_STS_AlarmMode.Output.DiffAddr": "false",
        "A_STS_AlarmMode.Deadband": "0.0",
        "A_STS_AlarmMode.Desc": "Sensor fault (valve cannot be both open and closed simultaneously)",
        "A_STS_AlarmMode.Input.DataType": "MxInteger",
        "A_STS_AlarmMode.Input.InputSource": "---",
        "A_STS_AlarmMode.Output.DataType": "MxInteger",
        "A_STS_AlarmMode.Output.OutputDest": "---",
        "S_AUT_DIS.Alarmed": "false",
        "S_AUT_DIS.HasStatistics": "false",
        "S_AUT_DIS.Historized": "false",
        "S_AUT_DIS.LogDataChangeEvent": "false",
        "S_AUT_DIS.UseOffOnMsg": "false",
        "S_AUT_DIS.OnMsg": "True",
        "S_AUT_DIS.OffMsg": "False",
        "S_AUT_DIS.InvertValue": "false",
        "S_AUT_DIS.Bad.Alarmed": "false",
        "S_AUT_DIS.Output.DiffAddr": "false",
        "S_AUT_DIS.Desc": "Valve is operated manually only. That is, not under PLC control.",
        "S_AUT_DIS.Input.DataType": "MxBoolean",
        "S_AUT_DIS.Input.InputSource": "---",
        "S_ASP_ENB.Alarmed": "false",
        "S_ASP_ENB.HasStatistics": "false",
        "S_ASP_ENB.Historized": "false",
        "S_ASP_ENB.LogDataChangeEvent": "false",
        "S_ASP_ENB.UseOffOnMsg": "false",
        "S_ASP_ENB.OnMsg": "True",
        "S_ASP_ENB.OffMsg": "False",
        "S_ASP_ENB.InvertValue": "false",
        "S_ASP_ENB.Bad.Alarmed": "false",
        "S_ASP_ENB.Output.DiffAddr": "false",
        "S_ASP_ENB.Desc": "Speed setpoint from HMI - auto mode enabled",
        "S_ASP_ENB.Input.DataType": "MxBoolean",
        "S_ASP_ENB.Input.InputSource": "---",
        "C_ASP.EngUnits": "",
        "C_ASP.LevelAlarmed": "false",
        "C_ASP.ROCAlarmed": "false",
        "C_ASP.DeviationAlarmed": "false",
        "C_ASP.Bad.Alarmed": "false",
        "C_ASP.LogDataChangeEvent": "false",
        "C_ASP.HasStatistics": "false",
        "C_ASP.Scaled": "false",
        "C_ASP.Historized": "false",
        "C_ASP.Output.DiffAddr": "false",
        "C_ASP.Deadband": "0.0",
        "C_ASP.Desc": "Speed setpoint from HMI - auto mode",
        "C_ASP.Input.DataType": "MxInteger",
        "C_ASP.Input.InputSource": "---",
        "C_ASP.Output.DataType": "MxInteger",
        "C_ASP.Output.OutputDest": "---",
        "S_SPL.EngUnits": "",
        "S_SPL.LevelAlarmed": "false",
        "S_SPL.ROCAlarmed": "false",
        "S_SPL.DeviationAlarmed": "false",
        "S_SPL.Bad.Alarmed": "false",
        "S_SPL.LogDataChangeEvent": "false",
        "S_SPL.HasStatistics": "false",
        "S_SPL.Scaled": "false",
        "S_SPL.Historized": "false",
        "S_SPL.Output.DiffAddr": "false",
        "S_SPL.Deadband": "0.0",
        "S_SPL.Desc": "Setpoint min - auto mode",
        "S_SPL.Input.DataType": "MxInteger",
        "S_SPL.Input.InputSource": "---",
        "S_SPH.EngUnits": "",
        "S_SPH.LevelAlarmed": "false",
        "S_SPH.ROCAlarmed": "false",
        "S_SPH.DeviationAlarmed": "false",
        "S_SPH.Bad.Alarmed": "false",
        "S_SPH.LogDataChangeEvent": "false",
        "S_SPH.HasStatistics": "false",
        "S_SPH.Scaled": "false",
        "S_SPH.Historized": "false",
        "S_SPH.Output.DiffAddr": "false",
        "S_SPH.Deadband": "0.0",
        "S_SPH.Desc": "Setpoint max - auto mode",
        "S_SPH.Input.DataType": "MxInteger",
        "S_SPH.Input.InputSource": "---",
        "C_SPH.EngUnits": "",
        "C_SPH.LevelAlarmed": "false",
        "C_SPH.ROCAlarmed": "false",
        "C_SPH.DeviationAlarmed": "false",
        "C_SPH.Bad.Alarmed": "false",
        "C_SPH.LogDataChangeEvent": "false",
        "C_SPH.HasStatistics": "false",
        "C_SPH.Scaled": "false",
        "C_SPH.Historized": "false",
        "C_SPH.Output.DiffAddr": "false",
        "C_SPH.Deadband": "0.0",
        "C_SPH.Desc": "Setpoint max from RMP",
        "C_SPH.Input.DataType": "MxFloat",
        "C_SPH.Input.InputSource": "---",
        "C_SPH.Output.DataType": "MxFloat",
        "C_SPH.Output.OutputDest": "---",
        "C_SPL.EngUnits": "",
        "C_SPL.LevelAlarmed": "false",
        "C_SPL.ROCAlarmed": "false",
        "C_SPL.DeviationAlarmed": "false",
        "C_SPL.Bad.Alarmed": "false",
        "C_SPL.LogDataChangeEvent": "false",
        "C_SPL.HasStatistics": "false",
        "C_SPL.Scaled": "false",
        "C_SPL.Historized": "false",
        "C_SPL.Output.DiffAddr": "false",
        "C_SPL.Deadband": "0.0",
        "C_SPL.Desc": "Setpoint min from RMP",
        "C_SPL.Input.DataType": "MxFloat",
        "C_SPL.Input.InputSource": "---",
        "C_SPL.Output.DataType": "MxFloat",
        "C_SPL.Output.OutputDest": "---",
        "S_IOK_MET1.Alarmed": "false",
        "S_IOK_MET1.HasStatistics": "false",
        "S_IOK_MET1.Historized": "false",
        "S_IOK_MET1.LogDataChangeEvent": "false",
        "S_IOK_MET1.UseOffOnMsg": "false",
        "S_IOK_MET1.OnMsg": "True",
        "S_IOK_MET1.OffMsg": "False",
        "S_IOK_MET1.InvertValue": "false",
        "S_IOK_MET1.Bad.Alarmed": "false",
        "S_IOK_MET1.Output.DiffAddr": "false",
        "S_IOK_MET1.Desc": "Status Interlock Met 1",
        "S_IOK_MET1.Input.DataType": "MxBoolean",
        "S_IOK_MET1.Input.InputSource": "---",
        "S_IOK_MET2.Alarmed": "false",
        "S_IOK_MET2.HasStatistics": "false",
        "S_IOK_MET2.Historized": "false",
        "S_IOK_MET2.LogDataChangeEvent": "false",
        "S_IOK_MET2.UseOffOnMsg": "false",
        "S_IOK_MET2.OnMsg": "True",
        "S_IOK_MET2.OffMsg": "False",
        "S_IOK_MET2.InvertValue": "false",
        "S_IOK_MET2.Bad.Alarmed": "false",
        "S_IOK_MET2.Output.DiffAddr": "false",
        "S_IOK_MET2.Desc": "Status Interlock Met 2",
        "S_IOK_MET2.Input.DataType": "MxBoolean",
        "S_IOK_MET2.Input.InputSource": "---",
        "S_IOK_MET3.Alarmed": "false",
        "S_IOK_MET3.HasStatistics": "false",
        "S_IOK_MET3.Historized": "false",
        "S_IOK_MET3.LogDataChangeEvent": "false",
        "S_IOK_MET3.UseOffOnMsg": "false",
        "S_IOK_MET3.OnMsg": "True",
        "S_IOK_MET3.OffMsg": "False",
        "S_IOK_MET3.InvertValue": "false",
        "S_IOK_MET3.Bad.Alarmed": "false",
        "S_IOK_MET3.Output.DiffAddr": "false",
        "S_IOK_MET3.Desc": "Status Interlock Met 3",
        "S_IOK_MET3.Input.DataType": "MxBoolean",
        "S_IOK_MET3.Input.InputSource": "---",
        "S_IOK_MET4.Alarmed": "false",
        "S_IOK_MET4.HasStatistics": "false",
        "S_IOK_MET4.Historized": "false",
        "S_IOK_MET4.LogDataChangeEvent": "false",
        "S_IOK_MET4.UseOffOnMsg": "false",
        "S_IOK_MET4.OnMsg": "True",
        "S_IOK_MET4.OffMsg": "False",
        "S_IOK_MET4.InvertValue": "false",
        "S_IOK_MET4.Bad.Alarmed": "false",
        "S_IOK_MET4.Output.DiffAddr": "false",
        "S_IOK_MET4.Desc": "Status Interlock Met 4",
        "S_IOK_MET4.Input.DataType": "MxBoolean",
        "S_IOK_MET4.Input.InputSource": "---",
        "S_IOK_MET5.Alarmed": "false",
        "S_IOK_MET5.HasStatistics": "false",
        "S_IOK_MET5.Historized": "false",
        "S_IOK_MET5.LogDataChangeEvent": "false",
        "S_IOK_MET5.UseOffOnMsg": "false",
        "S_IOK_MET5.OnMsg": "True",
        "S_IOK_MET5.OffMsg": "False",
        "S_IOK_MET5.InvertValue": "false",
        "S_IOK_MET5.Bad.Alarmed": "false",
        "S_IOK_MET5.Output.DiffAddr": "false",
        "S_IOK_MET5.Desc": "Status Interlock Met 5",
        "S_IOK_MET5.Input.DataType": "MxBoolean",
        "S_IOK_MET5.Input.InputSource": "---",
        "A_POS.HasStatistics": "false",
        "A_POS.Historized": "false",
        "A_POS.LogDataChangeEvent": "false",
        "A_POS.UseOffOnMsg": "false",
        "A_POS.OnMsg": "True",
        "A_POS.OffMsg": "False",
        "A_POS.InvertValue": "false",
        "A_POS.Bad.Alarmed": "false",
        "A_POS.Output.DiffAddr": "false",
        "A_POS.Desc": "Valve not in expected open/close position alarm",
        "A_POS.Input.DataType": "MxBoolean",
        "A_POS.Input.InputSource": "---",
        "A_POS.Output.DataType": "MxBoolean",
        "A_POS.Output.OutputDest": "---",
        "A_POS_Acked.Alarmed": "false",
        "A_POS_Acked.HasStatistics": "false",
        "A_POS_Acked.Historized": "false",
        "A_POS_Acked.LogDataChangeEvent": "false",
        "A_POS_Acked.UseOffOnMsg": "false",
        "A_POS_Acked.OnMsg": "True",
        "A_POS_Acked.OffMsg": "False",
        "A_POS_Acked.InvertValue": "false",
        "A_POS_Acked.Bad.Alarmed": "false",
        "A_POS_Acked.Output.DiffAddr": "false",
        "A_POS_Acked.Desc": "Positioning alarm",
        "A_POS_Acked.Input.DataType": "MxBoolean",
        "A_POS_Acked.Input.InputSource": "---",
        "A_POS_Acked.Output.DataType": "MxBoolean",
        "A_POS_Acked.Output.OutputDest": "---",
        "A_POS_AlarmMode.EngUnits": "",
        "A_POS_AlarmMode.LevelAlarmed": "false",
        "A_POS_AlarmMode.ROCAlarmed": "false",
        "A_POS_AlarmMode.DeviationAlarmed": "false",
        "A_POS_AlarmMode.Bad.Alarmed": "false",
        "A_POS_AlarmMode.LogDataChangeEvent": "false",
        "A_POS_AlarmMode.HasStatistics": "false",
        "A_POS_AlarmMode.Scaled": "false",
        "A_POS_AlarmMode.Historized": "false",
        "A_POS_AlarmMode.Output.DiffAddr": "false",
        "A_POS_AlarmMode.Deadband": "0.0",
        "A_POS_AlarmMode.Desc": "Positioning alarm",
        "A_POS_AlarmMode.Input.DataType": "MxInteger",
        "A_POS_AlarmMode.Input.InputSource": "---",
        "A_POS_AlarmMode.Output.DataType": "MxInteger",
        "A_POS_AlarmMode.Output.OutputDest": "---",
        "S_OPN.Alarmed": "false",
        "S_OPN.HasStatistics": "false",
        "S_OPN.Historized": "false",
        "S_OPN.LogDataChangeEvent": "false",
        "S_OPN.UseOffOnMsg": "false",
        "S_OPN.OnMsg": "True",
        "S_OPN.OffMsg": "False",
        "S_OPN.InvertValue": "false",
        "S_OPN.Bad.Alarmed": "false",
        "S_OPN.Output.DiffAddr": "false",
        "S_OPN.Desc": "",
        "S_OPN.Input.DataType": "MxBoolean",
        "S_OPN.Input.InputSource": "---",
        "S_CLS.Alarmed": "false",
        "S_CLS.HasStatistics": "false",
        "S_CLS.Historized": "false",
        "S_CLS.LogDataChangeEvent": "false",
        "S_CLS.UseOffOnMsg": "false",
        "S_CLS.OnMsg": "True",
        "S_CLS.OffMsg": "False",
        "S_CLS.InvertValue": "false",
        "S_CLS.Bad.Alarmed": "false",
        "S_CLS.Output.DiffAddr": "false",
        "S_CLS.Desc": "",
        "S_CLS.Input.DataType": "MxBoolean",
        "S_CLS.Input.InputSource": "---",
        "S_AUT.ValueDeadBand": "0.0",
        "S_AUT.ForceStoragePeriod": "0",
        "S_AUT.TrendHi": "10.0",
        "S_AUT.TrendLo": "0.0",
        "S_AUT.Description": "",
        "S_AUT.InterpolationType": "SystemDefault",
        "S_AUT.RolloverValue": "0.0",
        "S_AUT.SampleCount": "0",
        "S_AUT.EnableSwingingDoor": "false",
        "S_AUT.RateDeadBand": "0.0",
        "S_FLT.ValueDeadBand": "0.0",
        "S_FLT.ForceStoragePeriod": "0",
        "S_FLT.TrendHi": "10.0",
        "S_FLT.TrendLo": "0.0",
        "S_FLT.Description": "",
        "S_FLT.InterpolationType": "SystemDefault",
        "S_FLT.RolloverValue": "0.0",
        "S_FLT.SampleCount": "0",
        "S_FLT.EnableSwingingDoor": "false",
        "S_FLT.RateDeadBand": "0.0",
        "S_PV.ValueDeadBand": "0.0",
        "S_PV.ForceStoragePeriod": "0",
        "S_PV.TrendLo": "0.0",
        "S_PV.Description": "",
        "S_PV.InterpolationType": "SystemDefault",
        "S_PV.RolloverValue": "0.0",
        "S_PV.SampleCount": "0",
        "S_PV.EnableSwingingDoor": "false",
        "S_PV.RateDeadBand": "0.0",
        "S_SP.ValueDeadBand": "0.0",
        "S_SP.ForceStoragePeriod": "0",
        "S_SP.TrendLo": "0.0",
        "S_SP.Description": "",
        "S_SP.InterpolationType": "SystemDefault",
        "S_SP.RolloverValue": "0.0",
        "S_SP.SampleCount": "0",
        "S_SP.EnableSwingingDoor": "false",
        "S_SP.RateDeadBand": "0.0",
        "A_STS.ActiveAlarmState": "true",
        "A_STS.BooleanAlarm.TimeDeadband": "0000 00:00:00.0000000",
        "A_STS.Category": "Discrete",
        "A_STS.DescAttrName": "me.A_STS.Desc",
        "A_STS.AlarmShelveCmd": "Duration=0; Reason=\"\";",
        "A_POS.ActiveAlarmState": "true",
        "A_POS.BooleanAlarm.TimeDeadband": "0000 00:00:00.0000000",
        "A_POS.Category": "Discrete",
        "A_POS.DescAttrName": "me.A_POS.Desc",
        "A_POS.AlarmShelveCmd": "Duration=0; Reason=\"\";",
        "A_POS.Acked.OutputDest": "---",
        "A_POS.Acked.InvertValue": "false",
        "A_POS.AlarmMode.OutputDest": "---",
        "A_STS.Acked.OutputDest": "---",
        "A_STS.Acked.InvertValue": "false",
        "A_STS.AlarmMode.OutputDest": "---"
    }
}