{
    "JH_WE_Sequence_IOK_DINT": {
        ":Tagname": "SMP_S_IOKS",
        "Area": "Sludge_Pit_Sump",
        "SecurityGroup": "Default",
        "Container": "",
        "ContainedName": "",
        "FriendlyName": "",
        "ShortDesc": "JH PLC Integer Template",
        "ExecutionRelativeOrder": "None",
        "ExecutionRelatedObject": "",
        "UDAs": "<UDAInfo></UDAInfo>",
        "Extensions": "<ExtensionInfo><ObjectExtension/><AttributeExtension/></ExtensionInfo>",
        "CmdData": "<CmdData><BooleanLabel></BooleanLabel></CmdData>",
        "ActualTagName": "",
        "DeviceID": "",
        "RefDone": "false",
        "IOK_Descs": "Tank 3 Level QC10151LT030 Healthy and Ready.,Pit Sump Pump QC10151MOT030 Healthy and in Auto.,Pit Sump Level QC10151LT032 Healthy and Ready.,,,,,,,,,,,,,,,,,,,,,,,,,,,",
        "IOK_Nums": "false,false,false,false,false,false,false,false,false,false,false,false,false,false,false,false,false,false,false,false,false,false,false,false,false,false,false,false,false,false",
        "IOK_Pause_Nums": "false,false,false,false,false,false,false,false,false,false,false,false,false,false,false,false,false,false,false,false,false,false,false,false,false,false,false,false,false,false",
        "IOK_Descs.Description": "Table of IOK Descriptions",
        "IOK_Nums.Description": "Table of IOK status's",
        "IOK_Pause_Nums.Description": "Table of IOK pause satus's",
        "PV": "0",
        "PV.Historized": "false",
        "AccessMode": "ReadOnly",
        "DiffOutputDest": "false",
        "PV.EngUnits": "",
        "PV.LogDataChangeEvent": "false",
        "PV.Input.DataType": "MxInteger",
        "PV.Input.InputSource": "---",
        "script_IOSetRef.AliasReferences": "No Data",
        "script_SetRefDoneFalse.AliasReferences": "No Data",
        "script_SetRefDoneFalse.TriggerType": "WhileTrue",
        "script_SetRefDoneFalse.Expression": "",
        "script_SetRefDoneFalse.DataChangeDeadband": "0.0",
        "script_SetRefDoneFalse.ExecutionError.Alarmed": "false",
        "script_SetRefDoneFalse.TriggerPeriod": "0000 00:00:00.0000000",
        "script_SetRefDoneFalse.RunsAsync": "false",
        "script_SetRefDoneFalse.State.Historized": "false",
        "script_SetRefDoneFalse.ExecuteTimeout.Limit": "0",
        "script_SetRefDoneFalse.TriggerOnQualityChange": "false",
        "script_SetInterlocks.AliasReferences": "No Data",
        "script_SetInterlocks.Aliases": "No Data",
        "script_SetInterlocks.DeclarationsText": ""
    }
}