{
    "MP7_Sequence_StepNo": {
        ":Tagname": "RLLR2_S_StepNo",
        "Area": "Sludge_Roller_Screen_2",
        "SecurityGroup": "Default",
        "Container": "",
        "ContainedName": "",
        "FriendlyName": "",
        "ShortDesc": "JH PLC Integer Template",
        "ExecutionRelativeOrder": "None",
        "ExecutionRelatedObject": "",
        "UDAs": "<UDAInfo></UDAInfo>",
        "Extensions": "<ExtensionInfo><ObjectExtension/><AttributeExtension/></ExtensionInfo>",
        "CmdData": "<CmdData><BooleanLabel></BooleanLabel></CmdData>",
        "ActualTagName": "",
        "DeviceID": "",
        "RefDone": "false",
        "mapSeqDisabledTagName": "",
        "mapSeqPausedTagName": "",
        "mapSeqRunningTagName": "",
        "Step_CurrentDesc": "",
        "Step_CurrentNum": "0",
        "Steps_Descs": "Check Sequence Intrerlocks.,Start Roller Screen Motors.,Open Sludge Tank 4 Discharge Valve to SP.,Start Tank 4 Discharge Valve PID Loop,Start Sludge Thickener Underflow Pump for 10 Seconds,Start Sludge Thickener Underflow Pump PID Loop.,Close Tank 4 Discharge Valve When Tank 4 Low Level Met.,Stop Roller Screen Motors and Empty Roller Screen Tank.,Stop Thickener Underflow Pump.,Open Flush Valve.,Start Thickener Underflow Pump.,Stop Thickener Underflow Pump When Roller Screen Tank Level Below SP.,Close Flush Valve.,,,,,,,,,,,,,,,,,",
        "Steps_Nums": "0,10,20,30,35,40,50,60,70,100,110,120,130,-1,-1,-1,-1,-1,-1,-1,-1,-1,-1,-1,-1,-1,-1,-1,-1,-1",
        "Steps_Nums.Description": "Array of Step Numbers",
        "Steps_Descs.Description": "Array of Step Descriptions",
        "mapSeqPausedTagName.Description": "Tag Name for the Sequence Paused Bool",
        "mapSeqDisabledTagName.Description": "Tag Name for the Sequence Disabled Bool",
        "mapSeqRunningTagName.Description": "Tag Name for the Sequence Running Bool",
        "PV": "0",
        "PV.Historized": "false",
        "AccessMode": "ReadOnly",
        "DiffOutputDest": "false",
        "PV.EngUnits": "",
        "PV.LogDataChangeEvent": "false",
        "PV.Input.DataType": "MxInteger",
        "PV.Input.InputSource": "---",
        "script_IOSetRef.AliasReferences": "No Data",
        "script_SetRefDoneFalse.AliasReferences": "No Data",
        "script_SetRefDoneFalse.TriggerType": "WhileTrue",
        "script_SetRefDoneFalse.Expression": "",
        "script_SetRefDoneFalse.DataChangeDeadband": "0.0",
        "script_SetRefDoneFalse.ExecutionError.Alarmed": "false",
        "script_SetRefDoneFalse.TriggerPeriod": "0000 00:00:00.0000000",
        "script_SetRefDoneFalse.RunsAsync": "false",
        "script_SetRefDoneFalse.State.Historized": "false",
        "script_SetRefDoneFalse.ExecuteTimeout.Limit": "0",
        "script_SetRefDoneFalse.TriggerOnQualityChange": "false",
        "CurrentStepFinder.ExecuteText": "'************************************************************ \\n'                     Config \\n'************************************************************ \\n \\n \\n'************************************************************ \\n'                    Config End \\n'************************************************************ \\ndim StepNumsArrayInd as indirect; \\ndim StepNumsArray[1] as integer; \\n \\ndim StepIterator as Integer; \\n \\ndim StepFound as boolean; \\nStepFound = false; \\n \\ndim CurrentDescInd as indirect; \\n \\n \\nStepNumsArrayInd.BindTo(\"Me.Steps_Nums[]\"); \\nStepNumsArray = StepNumsArrayInd; \\n \\nfor StepIterator = 1 to StepNumsArray.length \\n\tif StepNumsArray[StepIterator] == Me.PV.Input.value then\t \\n\t\tCurrentDescInd.BindTo(\"Me.Steps_Descs[\"+StepIterator+\"]\"); \\n\t\tMe.Step_CurrentDesc=CurrentDescInd.value;\t \\n\tendif; \\nnext; \\n \\n \\n \\n\t \\n",
        "CurrentStepFinder.AliasReferences": "No Data",
        "CurrentStepFinder.Aliases": "No Data",
        "CurrentStepFinder.TriggerType": "WhileTrue",
        "CurrentStepFinder.Expression": "me.RefDone == True",
        "CurrentStepFinder.DataChangeDeadband": "0.0",
        "CurrentStepFinder.DeclarationsText": "",
        "CurrentStepFinder.StartupText": "",
        "CurrentStepFinder.ShutdownText": "",
        "CurrentStepFinder.OnScanText": "",
        "CurrentStepFinder.OffScanText": "",
        "CurrentStepFinder.ExecutionError.Alarmed": "false",
        "CurrentStepFinder.TriggerPeriod": "0000 00:00:00.5000000",
        "CurrentStepFinder.RunsAsync": "false",
        "CurrentStepFinder.State.Historized": "false",
        "CurrentStepFinder.ExecuteTimeout.Limit": "0",
        "CurrentStepFinder.TriggerOnQualityChange": "false",
        "SeqSateFind.AliasReferences": "No Data",
        "SeqSateFind.DataChangeDeadband": "0.0",
        "SeqSateFind.ExecuteTimeout.Limit": "0",
        "mapSeqPaused.InputSource": "---",
        "mapSeqPaused.InvertValue": "false",
        "mapSeqDisabled.InputSource": "---",
        "mapSeqDisabled.InvertValue": "false",
        "mapSeqRunning.InputSource": "---",
        "mapSeqRunning.InvertValue": "false"
    }
}